id,scholar_id,baidu_cited_num,source,url,title,authors,institutions,journal,abstract,keywords,DOI,publish_time
1,WCNM0046927501,10,cqvip,http://www.cqvip.com/QK/98016A/201310/47267502.html,淫羊藿甙对体外钛微粒诱导破骨细胞骨吸收功能的影响,张怡元; 林煜; 冯尔宥; 肖莉莉; 陈嵘; 王武炼; 林丽琼,厦门大学附属福州市第二医院关节外科,《中国中医骨伤科杂志》2013年 第10期,目的：探讨淫羊藿甙对钛微粒诱导的体外培养的破骨细胞骨吸收功能的影响。方法：用巨噬细胞集落刺激因子（macrophagecolonystimulatingfactor，M—CSF）和核因子-κB受体活化因子配体（receptoractivatorofNF-κBligan，RANKL）诱导破骨细胞前体RAW264．7细胞为破骨细胞，MTT法检测不同浓度淫羊藿甙对RAW264．7细胞增殖的影响，得出最佳浓度。实验分为正常培养基的钛微粒处理组、含淫羊藿甙的钛微粒处理组和空白对照组，48h后收集细胞，采用ELISA法检测培养液中细胞核因子kB活化因子受体的浓度（receptoractivatorofNF—κB，RANK），用实时荧光定量PCR法检测抗酒石酸酸性磷酸酶（tartrateresistantacidphosphatase，TRAP）、基质外金属蛋白酶-9（matrixmetalloproteinase9，MMP-9）、碳酸酐酶Ⅱ（carbonicanhydraseⅡ，CAⅡ）、组织蛋白酶K（CathepsinK，CtsK）tuRNA的表达；WesternBlot法检测TRAP、RANK、CtsK蛋白的表达。设置同样的实验组与骨磨片共培养，甲苯胺蓝染色计算骨吸收陷窝的数目和面积。结果：淫羊藿甙可明显下调钛微粒诱导的RAw264．7细胞和细胞液中RANK的表达，TRAP、MMP-9、CAU、CtsKmRNA和蛋白的表达，并减少骨磨片上骨吸收陷窝的数目和面积。结论：淫羊藿甙可抑制钛颗粒体外诱导破骨细胞的骨吸收，有望成为防治人工关节无菌性松动的药物。,淫羊藿甙; 钛微粒; RAW264; 7; 骨吸收; 假体松动,,
2,WCNM0046927501,2,cnki,http://www.cnki.com.cn/Article/CJFDTOTAL-ZYZG201704005.htm,闭合复位经皮克氏针内固定术与切开复位克氏针内固定术治疗儿童GartlandⅡ、Ⅲ型肱骨髁上骨折的疗效及安全性系统评价,何文; 郑明; 冯尔宥; 林煜; 张怡元; 范超领; 徐杰,福建省福州市第二医院; 福建中医药大学骨伤学院; 福建医科大学省立临床医学院,《中医正骨》 2017年04期,"目的:评价闭合复位经皮克氏针内固定术与切开复位克氏针内固定术治疗儿童GarlandⅡ、Ⅲ型肱骨髁上骨折(supracondylarfractureofhumerus,SCHF)的疗效和安全性。方法:通过计算机检索Medline、PubMed、TheCochraneLibrary(2015年第10期)、CBM、CNKI、WanFangData、VIP建库至2015年10月国内外公开发表的所有闭合复位经皮克氏针内固定术与切开复位克氏针内固定术治疗儿童GarlandⅡ、Ⅲ型SCHF的随机对照试验或半随机对照试验文献,同时手工检索本专业相关期刊从创刊至2015年10月的所有相关文献。由2位检索员独立筛选文献、提取资料、依据Cochrane系统进行文献方法学质量评价后,采用RevMan5.2软件进行Meta分析。结果:共检索出相关文献559篇,最终纳入14篇文献,仅1篇文献为随机对照试验,其余均为半随机对照试验;共涉及917例患者,其中闭合复位组471例、切开复位组446例。Meta分析结果显示,闭合复位组与切开复位组在术后Flynn肘关节功能优良率、肘关节屈伸活动度及手术时间方面比较,组间差异均无统计学意义[OR=1.460,95%CI(0.95,2.25),Z=1.750,P=0.080;MD=0.570,95%CI(-8.69,9.83),Z=0.120,P=0.900;MD=-6.350,95%CI(-64.07,51.37),Z=0.220,P=0.830];在术后发生肘内翻、针道或切口感染、尺神经损伤及骨化性肌炎方面比较,组间差异均无统计学意义[OR=0.870,95%CI(0.35,2.20),Z=0.290,P=0.770;OR=0.620,95%CI(0.31,1.21),Z=1.400,P=0.160;OR=1.980,95%CI(0.88,4.49),Z=1.640,P=0.100;OR=0.150,95%CI(0.02,1.39),Z=1.670,P=0.100]。结论:对于儿童GarlandⅡ、Ⅲ型SCHF,闭合复位经皮克氏针内固定术与切开复位克氏针内固定术在临床疗效、安全性、手术时间方面均无明显差异,这可能与本研究所纳入的符合条件的文献数量较少及其方法学质量普遍偏低有关。",,,
3,WCNM0046927501,30,wanfang,http://med.wanfangdata.com.cn/Paper/Detail?id=PeriodicalPaper_zhgkzz98201011024,加长型股骨近端螺旋刀片抗旋髓内钉治疗股骨中上段长节段骨折的临床研究,林焱斌; 李仁斌; 张怡元; 冯尔宥; 熊国胜; 王武练; 林任; 庄研,,《中华骨科杂志》 2010年30卷11期,"目的评价采用国际内固定研究学会(associationforthestudyofinternalfixation,AO/ASIF)加长型股骨近端螺旋刀片抗旋髓内钉(proximalfemoralnailanti-rotation,PFNA)治疗股骨中上段长节段骨折的临床疗效.方法2006年6月至2009年12月,我院采用AO/ASIF加长型PFNA治疗股骨中上段长节段骨折32例,男30例,女2例;年龄20～69岁,平均38.8岁.所有患者均为股骨单侧闭合性骨折,受伤至手术时间间隔为3h～12d,平均4.2d.术后第1、2、3、6、9、12个月门诊随访,以后每年至少门诊复查1次.随访时所有患者均拍摄股骨中上段正、侧位X线片.临床疗效评价采用Harris髋关节功能评分标准.结果32例患者手术时间35～90min,平均55min;术中出血量30～150ml,平均75.6ml,所有患者均为术后4～7d下地扶拐行走.32例患者均获得完整随访,随访期间所有患者均未出现感染、下肢静脉血栓、螺旋刀片切割股骨头及断钉现象,2例出现髋内翻短缩畸形,无骨折不愈合患者.骨折愈合时间为3.1～5.4个月,平均3.7个月.按Harris髋关节功能评分标准:优23例,良7例,中2例,优良率93.75%(30/32).结论AO/ASIF加长型PFNA治疗方法具有微创、固定强度高、生物力学特性好等优点,在治疗股骨中上段长节段骨折时骨愈合率高、功能恢复快、并发症少.","股骨骨折; 骨折固定术,髓内; 内固定器; Femoralfractures; Fracturefixation,intramedullary; Internalfixators",10.3760/cma.j.issn.0253-2352.2010.11.024,2010-12-02
4,WCNM0046927501,89,cqvip,http://www.cqvip.com/Main/Detail.aspx?id=27425192,PFNA微创治疗高龄股骨转子间骨折疗效分析,林焱斌; 张怡元; 冯尔宥; 肖莉莉; 李平,福建省福州市第二医院骨科,《中国骨与关节损伤杂志》2008年 第6期,目的分析应用AO股骨近端髓内钉-抗螺旋刀片（PFNA）微创治疗高龄股骨转子间骨折的临床疗效。方法70岁以上股骨转子间骨折28例，均经闭合复位、小切口置入PFNA固定。结果X线片示所有骨折均一期愈合，平均愈合时间2.8个月，无骨不连、内固定松动、脱出或再骨折等并发症。根据Harris功能评分，优良率96．4％。结论PFNA能很好地防止旋转及塌陷，创伤小、并发症少，可早期负重，是治疗高龄股骨转子间骨折理想的内固定物。,PFNA; 股骨转子间; 骨折; 骨质疏松症; 微创治疗,,
5,WCNM0046927501,12,wanfang,http://med.wanfangdata.com.cn/Paper/Detail/PeriodicalPaper_gygjsszz201208011,塞来昔布抑制大鼠颅骨内钛微粒引起骨溶解的实验研究,冯尔宥; 林煜; 林飞太; 张怡元; 王武炼; 陈嵘; 肖莉莉; 林丽琼; 刘毓顺,,《中国骨与关节损伤杂志》 2012年27卷8期,"目的探讨塞来昔布对关节磨损颗粒诱导的大鼠颅骨骨溶解的影响.方法取健康雌性大鼠行颅骨手术,实验分为植入钛颗粒组、钛颗粒结合塞来昔布处理组和空白对照组,HE染色后通过测定骨小梁面积比计算骨吸收情况,并用实时荧光定量PCR,WesternBlot检测COX-2、TNF-α的表达,ELISA法检测血清IL-1、IL-6、PGE2水平.结果与对照组比较,钛颗粒组、钛颗粒结合塞来昔布处理组骨吸收明显,而钛颗粒结合塞来昔布处理组骨吸收较钛颗粒组改善；塞来昔布可明显下调钛颗粒植入大鼠颅骨后PGE2、TNF-α、IL-1和IL-6的表达.结论塞来昔布可抑制钛颗粒诱导的大鼠颅骨骨溶解,有望成为防治人工关节无菌性松动的药物.",塞来昔布; 环氧化酶2; 骨溶解; 假体松动,,2012-11-23
6,WCNM0046927501,8,wanfang,http://d.wanfangdata.com.cn/periodical/zgjxwkzz200511017,,,,  ,,,,
7,WCNM0013750601,6,cnki,http://www.cnki.com.cn/Article/CJFDTotal-LCFC199820021.htm,急性脑卒中心电图、心肌酶值的变化及临床意义,阮中宝,江苏省泰州市第二人民医院,《临床荟萃》 1998年20期,"正对我院近4年来收治的急性脑卒中68例进行心电图及心肌酶值的动态观察,并就其临床意义进行探讨,现分析报告如下.",,,
8,WCNM0013750601,7,wanfang,http://med.wanfangdata.com.cn/Paper/Detail/PeriodicalPaper_jslcyxzz201222010,国产覆膜支架腔内隔绝术治疗DebakeyⅢ型主动脉夹层20例,林杰; 朱莉; 殷屹岗; 阮中宝,,《实用临床医药杂志》 2012年16卷22期,"目的探讨国产覆膜支架行腔内隔绝术治疗DebakeyⅢ型主动脉夹层瘤的手术适应症、临床疗效及并发症防治.方法2009年1月-2012年1月,采用国产覆膜支架行腔内隔绝术治疗DebakeyⅢ型主动脉夹层20例.移植物经股动脉切口导入,至胸主动脉封闭夹层裂口,手术在全麻、数字减影血管造影(DSA)监视下完成.结果20例患者支架置入定位准确,术后即刻造影显示真腔血流恢复正常.手术成功率100％,无术中转开胸手术,无截瘫及瘤体破裂等严重并发症,无围术期死亡.结论使用国产覆膜支架行腔内隔绝术治疗DebakeyⅢ型主动脉夹层具有创伤小,术后恢复快,手术死亡率低,手术成功率高的优点,但远期效果有待进一步观察.",国产覆膜支架; 主动脉夹层; 腔内隔绝术,,2013-02-28
9,WCNM0013750601,27,cnki,http://www.cnki.com.cn/Article/CJFDTotal-ZWYY201215057.htm,多排泵连续静脉泵入多巴胺、硝酸甘油、呋塞米治疗顽固性心衰疗效观察,陈铭; 王如珠; 殷屹岗; 朱莉; 阮中宝; 林杰; 李建民,江苏省泰州市人民医院,《中国现代药物应用》 2012年15期,"目的观察多排泵连续静脉泵入多巴胺、硝酸甘油、呋塞米治疗顽固性心力衰竭的疗效及安全性。方法将68例常规治疗后心功能Ⅳ级(NYHA分级)患者,予以多巴胺、硝酸甘油、呋塞米静脉泵入治疗,保持每日尿量≥1500ml。治疗前后分别评价体重、血压、心率、心功能及血清生化指标(电解质、肌酐、NT-proBNP)。结果持续泵入多巴胺、硝酸甘油、呋塞米治疗可显著改善患者症状,使左室射血分数、心率、体重和血压以及NT-proBNP明显降低(P0.05)。结论多排泵连续静脉泵入多巴胺、硝酸甘油、呋塞米静脉泵入治疗可以显著改善顽固性心衰患者症状,并且安全可靠。",,,
10,WCNM0013750601,13,wanfang,http://d.wanfangdata.com.cn/periodical/xxgkfyxzz200905028,,,,  ,,,,
11,WCNM0039217001,5,cnki,http://www.cnki.com.cn/Article/CJFDTotal-YTCT201208099.htm,经椎间孔椎体间融合术治疗退变性胸腰椎疾病,周铭艺; 钟浩博; 万文国; 孙春汉,惠州市仲恺区人民医院; 惠州市第一人民医院; 惠州市龙门县人民医院,《亚太传统医药》 2012年08期,"目的:探讨经椎间孔椎体间融合术治疗退行性胸腰椎疾病的效果。方法:将到本院治疗的20例退变性胸腰椎疾病患者作为TLIF组,行经腰椎间孔椎体融合术(TLIF)治疗,将以往行前路椎间融合术(ALIF)、后路椎间融合术(PLIF)、前后路联合椎间融合术(CAPF)治疗的退变性胸腰椎疾病患者各20例作为对照组,采用日本骨科学会下腰痛评分系统(JOA评分)对改善率进行统计分析。结果:TLIF组在术后JOA改善率、并发症发生率等方面均优于ALIF、PLIF、CAPF三组。结论:经椎间孔椎体间融合术治疗退变性腰椎疾病的临床疗效满意,创伤小安全系数大,并发症及后遗症少,符合当今微创外科技术的一种新的手术方式。",,,
12,WCNM0039217001,9,cnki,http://www.cnki.com.cn/Article/CJFDTotal-XDZD201722005.htm,关节镜下单、双束同种异体肌腱重建前交叉韧带的疗效比较,黄守镔; 钟浩博; 孙春汉,惠州市第一人民医院骨外科,《现代诊断与治疗》 2017年22期,"目的比较前交叉韧带重建中应用关节镜下单束、双束同种异体肌腱的疗效。方法选择本院2013年1月~2014年12月收治的前交叉韧带损伤患者103例,依照治疗方式,分为对照组(n=53)、观察组(n=50),术后随访24个月,分别于术前、术后24个月评价临床疗效(应用IKDC评分)、膝关节韧带损伤条件特异性(利用Lysholm评分系统),观察Lachman试验及轴移试验结果。结果术前,两组患者IKDC评分、Lysholm评分、Lachman试验结果、轴移试验结果差异无统计学意义(P0.05);术后,对照组IKDC评分、Lysholm评分、Lachman试验结果正常率、轴移试验结果正常率均低于观察组,差异具有统计学意义(P0.05)。结论重建前交叉韧带时,关节镜下双束同种异体肌腱重建方法的疗效优于关节镜下单束重建,可更为有效的促进患者膝关节运动功能恢复。",,,
13,WCNM0039217001,0,cnki,http://www.cnki.com.cn/Article/CJFDTotal-ZHGJ201503016.htm,乳腺癌转移抑制蛋白1下调PI3K/AKT1通路抑制骨肉瘤细胞转移,钟浩博; 孙春汉; 郑少伟; 陈楚群; 赖伟强; 杨剑锋; 孙江森,惠州市第一人民医院骨科,《中华关节外科杂志(电子版)》 2015年03期,"目的探讨乳腺癌转移抑制蛋白1(BRMS1)在骨肉瘤转移中的作用和机制。方法免疫组化检测骨肉瘤组织中BRMS1蛋白表达;荧光定量聚合酶链反应(Q-PCR)法检测8例骨肉瘤组织和8个骨肉瘤细胞系BRMS1mRNA表达的变化;westernblot检测正常成骨细胞系(HOSB)及人骨肉瘤细胞系(OS187、COL、LM7、SJSA、MG63、HOS、SAOS-2、CCH-D)和BRMS1蛋白和AKT1蛋白磷酸化的水平;侵袭小室(Transwell)法检测过表达BRMS1的HOS细胞转移能力的变化。结果骨肉瘤组织中BRMS1蛋白表达较癌旁正常骨组织明显减少。骨肉瘤细胞OS187、COL、LM7、SJSA、MG63、HOS、SAOS-2和CCH-DBRMS1mRNA和蛋白的表达水平较正常成骨细胞HOSB明显降低,而AKT1蛋白磷酸化水平明显升高。HOS细胞过表达BRMS1后,HOS细胞转移能力和AKT1蛋白磷酸化水平明显降低。运用AKT1蛋白磷酸化抑制剂LY294002明显抑制HOS细胞转移能力。结论BRMS1可以抑制骨肉瘤细胞HOS细胞转移,其机制可能与抑制AKT1蛋白磷酸化有关。",,,
14,WCNM0039217001,0,cqvip,http://www.cqvip.com/QK/91099X/201902/7001889712.html,腰椎间盘退变病人炎症因子水平变化及其临床意义,黄守镔; 钟浩博; 孙春汉,惠州市第一人民医院骨科,《青岛大学学报(医学版)》2019年 第2期,"目的探讨腰椎间盘退变病人血清炎症因子水平变化及其临床意义。方法选取2016年3月-2017年4月在我院接受治疗的60例退变性腰椎间盘组织病变病人作为观察组,同时选取在我院体检的健康成年人60例作为对照组。比较两组研究对象血清炎症因子和基质细胞衍生因子-1(SDF-1)水平的差异,分析退变性腰椎间盘组织病变病人血清炎症因子水平与SDF-1水平的相关性。结果观察组病人血清白细胞介素-18(IL-18)、白细胞介素-6(IL-6)、超敏C反应蛋白(hs-CRP)和SDF-1水平均明显高于对照组,差异有统计学意义(t=18.492~41.235,P<0.01)。退变性腰椎间盘组织病变病人血清IL-18、IL-6、hs-CRP水平与SDF-1水平呈显著正相关(r=0.642~0.663,P<0.01)。结论腰椎间盘退变病人的血清炎症因子水平较高,且与SDF-1水平密切相关,临床检测血清炎症因子水平有助于判断腰椎间盘退变的病情严重程度和治疗效果。",椎间盘退行性变; 白细胞介素18; 白细胞介素6; C反应蛋白质; 趋化因子CXCL12,,
15,WCNM0039217001,0,cqvip,http://www.cqvip.com/QK/89796X/201208/43637794.html,经多裂肌入路行经椎间孔椎间融合术的临床研究,钟浩博; 周铭艺; 孙春汉; 缪海雄; 马晋; 刘伟乐; 陈楚群; 赖伟强; 杨剑锋,惠州市第一人民医院骨科; 惠州市仲恺开发区陈江医院,《求医问药：下半月刊》2012年 第8期,"目的探讨采用经多裂肌间隙入路行经椎间孔入路椎间融合术（transforaminallumbarinterbodyfusion,TLIF）治疗下腰椎退变性疾患的临床效果。方法2010年4月至2012年4月对27例患者经多裂肌入路行经椎间孔椎间融合术椎弓根钉棒脊柱内固定系统治疗退变性腰椎疾病。结果切口长度4.0～4.5cm;手术时间70～160min;术中出血量90-2500mll。随访8～20个月,无椎弓根钉断裂、松动、拔出、cage移位等严重并发症发生;26例获骨性融合,2例可疑融合。结论经多裂肌间隙入路行椎间孔椎间融合术,具有手术创伤小、时间短、出血少、并发症低、疗效确切等优点,在合理选择适应证的情况下是一种理想的下腰椎融合方法。",经椎间孔椎间融合术; 腰椎; 脊柱融合术; 外科手术; 微创; 多裂肌,,
16,WCNM0046927501,9,cqvip,http://www.cqvip.com/QK/80481C/201539/666459845.html,Iso-C臂三维导航系统指导下的脊柱侧弯椎弓根钉内固定：问题与优势,陈强; 张怡元; 林妙阔; 冯尔宥,福州市第二医院,《中国组织工程研究》2015年 第39期,"背景：由于脊柱侧弯患者脊柱解剖结构的变异、椎体旋转、椎体缺如、椎管变形等异常情况,椎弓根螺钉一旦置入发生偏差,即可导致灾难性结果。近年来随着椎弓根螺钉的广泛应用和计算机导航的不断发展,使脊柱侧弯修复手术更加精确、安全。目的：综述Iso-C臂三维导航系统指导脊柱侧弯椎弓根钉置入内固定存在的问题及优势。方法：由第一作者检索至2012年12月为止PubMed数据（http：//www.ncbi.nlm.nih.gov/PubMed）及CNKI中国期刊全文数据库（http：//www.cnki.net/）,以＂计算机导航,脊柱侧弯,椎弓根钉＂为检索词,检索摘要内同时包含上述检索词的文献。共检索到50多篇相关文献,13篇文献符合纳入标准。结果与结论：应用Iso-C臂三维导航系统进行脊柱侧弯椎弓根螺钉置入内固定具有显著优势。它充分结合了CT三维导航和术中透视导航的优点,可快速、准确的采集术中影像数据,通过影像实时显示,从而确保修复手术的安全。Iso-C臂三维导航其自动注册的功能无疑提高了修复效率和精确性,帮助术者以更加精确、安全的方式进行各种复杂的脊柱侧弯修复手术。",脊柱侧凸; 骨钉; 外科手术; 计算机辅助; 骨科植入物; 脊柱植入物; 计算机导航; 术中即时; 脊柱侧弯; 椎弓根钉,,
17,WCNM0039217001,10,cnki,http://www.cnki.com.cn/Article/CJFDTotal-DDYI201308019.htm,经后路椎体次全切除三柱重建治疗胸腰椎爆裂骨折疗效分析,孙春汉; 缪海雄; 钟浩博; 郑剑平,广东省惠州市第一人民医院骨科,《当代医学》 2013年08期,"目的探讨经后路椎体次全切除三柱重建技术治疗胸腰椎爆裂性骨折的临床疗效。方法以广东省惠州市第一人民医院2010年8月～2012年8月收治的胸腰椎爆裂骨折患者30例为研究对象,均经后路行椎体次全切除椎管减压、三柱重建治疗。结果30例患者均顺利完成手术,平均手术时间201min;平均术中出血量1100mL;神经功能恢复情况:A级8例神经功能均未恢复;B级8例恢复至C级;C级9例,5例恢复至E级,4例恢复至D级;D级5例恢复至E级;手术后和末次随访时椎体高度、椎管容积均较术前明显提高,差异有统计学意义(P0.05)。结论经后路椎体次全切除三柱重建技术具有创伤小、前中后柱即刻稳定等特点,是治疗胸腰椎爆裂骨折安全、有效的理想术式。",,,
18,WCNM0039217001,0,cnki,https://kns.cnki.net/KCMS/detail/detail.aspx?dbcode=CJFD&filename=BATE201902011,,,,,"目的探讨腰椎间盘退变病人血清炎症因子水平变化及其临床意义。方法选取2016年3月—2017年4月在我院接受治疗的60例退变性腰椎间盘组织病变病人作为观察组,同时选取在我院体检的健康成年人60例作为对照组。比较两组研究对象血清炎症因子和基质细胞衍生因子-1(SDF-1)水平的差异,分析退变性腰椎间盘组织病变病人血清炎症因子水平与SDF-1水平的相关性。结果观察组病人血清白细胞介素-18(IL-18)、白细胞介素-6(IL-6)、超敏C反应蛋白(hs-CRP)和SDF-1水平均明显高于对照组,差异有统计学意义(t=18.492～41.235,P<0.01)。退变性腰椎间盘组织病变病人血清IL-18、IL-6、hs-CRP水平与SDF-1水平呈显著正相关(r=0.642～0.663,P<0.01)。结论腰椎间盘退变病人的血清炎症因子水平较高,且与SDF-1水平密切相关,临床检测血清炎症因子水平有助于判断腰椎间盘退变的病情严重程度和治疗效果。",,,
19,WCNM0039217001,0,cqvip,http://www.cqvip.com/QK/96902X/20187/675708442.html,3种内固定治疗PauwelsⅢ型股骨颈骨折的生物力学研究,王斌; 钟浩博; 杨剑锋,广东省惠州市第一人民医院,《中医正骨》2018年 第7期,"目的：比较空心钉、动力髋螺钉及股骨近端锁定钢板固定PaawelsⅢ型股骨颈骨折的生物力学特征.方法：通过CT扫描获取Sawbone人工股骨的数据,利用Mimicsl5.0软件、3Matic7.0软件及3D打印机制作PaawelsⅢ型股骨颈骨折（Paawels角=70°）截骨模具及3种内固定（空心钉、动力髋螺钉及股骨近端锁定钢板）的固定导向模具.利用制作的股骨颈骨折截骨模具将18根Sawbone股骨均制成PaawelsⅢ型股骨颈骨折模型,并将其分为3组,每组6根.空心钉组、动力髋螺钉组和锁定钢板组均借助制作的内固定导向模具,分别以3枚直径7.3mm空心钉、动力髋螺钉、股骨近端锁定钢板进行固定.将股骨颈骨折内固定模型固定于夹具上,应用生物力学材料测试机进行静态加压测试和循环载荷测试.结果：①静态加压测试结果.测试过程中,空心钉组先发生成角位移再出现垂直位移;动力髋螺钉组及锁定钢板组先出现一定程度的垂直位移,达到一定程度后才出现成角位移,其中动力髋螺钉组同时发生了股骨头旋转.3组的固定刚度比较,差异有统计学意义[（319.00±44.00）N·mm^-1,（540.00±102.00）N·mm^-1,（441.00±116.00）N·mm^-1,F=7.165,P=0.026].动力髋螺钉组和锁定钢板组的固定刚度均大于空心钉组（P=0.010,P=0.050）;动力髋螺钉组和锁定钢板组的固定刚度比较,差异无统计学意义（P=0.249）.3组的失效载荷比较,差异有统计学意义[（2.11±0.56）kN,（5.77±0.56）kN,（4.69±0.91）kN,F=21.597,P=0.002].动力髋螺钉组和锁定钢板组的失效载荷均大于空心钉组（P=0.001,P=0.004）;动力髋螺钉组和锁定钢板组的失效载荷比较,差异无统计学意义（P=0.108）.②循环载荷测试结果.测试过程中,空心钉组1根股骨出现退钉现象.3组的股骨头轴向位移比较,差异有统计学意义[（4.34±0.50）mm,（2.63±0.41）mm,（2.61±0.43）mm,F=14.734,P=0.005].动力髋螺钉组和锁定钢板组",股骨颈骨折; 骨折固定术; 内; 生物力学,,
20,WCNM0013750601,13,cnki,http://www.cnki.com.cn/Article/CJFDTotal-ZSZD201410023.htm,血清Cys-c和Hcy对冠状动脉病变严重程度的评估及瑞舒伐他汀的干预作用,刘玲; 殷屹岗; 阮中宝; 陈各才; 朱莉,泰州市人民医院,《中国实验诊断学》 2014年10期,"目的观察瑞舒伐他汀干预后不同严重程度的冠心病患者血清Cys-c和Hcy水平的变化。方法选择来我院就诊经冠状动脉造影确诊为冠心病患者40例(冠脉单支病变11例、冠脉双支病变16例和冠脉多支病变13例),分为两组(n=40):瑞舒伐他汀治疗前组和瑞舒伐他汀治疗后组(瑞舒伐他汀10mg/d),同期体检健康人20例作为正常对照组;初次检查、治疗6个月后均空腹采血及冠状动脉造影。采用ELISA法检测血清中Cys-c和Hcy的水平;采用冠状动脉造影测定斑块的个数、厚度、性质。结果(1)治疗前与正常对照组相比较,患者血清Cys-c和Hcy水平均显著升高有统计学意义(P0.01);均为冠脉多支病变高于冠脉双支病变及冠脉单支病变,组间比较有统计学意义(P0.01)。(2)治疗后与正常对照组相比较,瑞舒伐他汀干预组患者血清Cys-c和Hcy水平略升高且冠脉多支病变、冠脉双支病变、冠脉单支病变组均明显低于治疗前(P0.01),但三组间无统计学意义(P0.05)。(3)瑞舒伐他汀干预组治疗后患者血清Cys-c和Hcy水平明显低于治疗前有统计学意义(P0.01),斑块个数无差异(P0.05),斑块厚度变薄、斑块由软斑块变为硬斑块的百分率大(P0.01)。结论血清Cys-c和Hcy水平随病变严重程度而升高,瑞舒伐他汀能通过降低血清Cys-c和Hcy水平,使得斑块变薄,并能促进斑块硬化,从而改善冠心病患者冠状动脉病变的程度。",,,
21,WCNM0039217001,0,cnki,http://www.cnki.com.cn/Article/CJFDTotal-ZHGJ201903004.htm,锁骨钩钢板与三重带袢纽扣钢板治疗肩锁关节脱位的对比,刘伟乐; 李胜发; 郑少伟; 钟浩博; 孙春汉,惠州市第一人民医院骨外科,《中华关节外科杂志(电子版)》 2019年03期,"目的通过与传统国际内固定研究学会(AO/ASIF)锁骨钩钢板技术相比,探讨小切口切开三重带袢纽扣钢板辅助爱惜邦缝线技术治疗新鲜RockwoodⅢ型肩锁关节脱位临床疗效及微创手术的技术优势。方法收集惠州市第一人民医院骨外科自2012年12月至2016年12月间,采用经小切口切开使用三重带袢纽扣钢板内固定技术治疗RockwoodⅢ型新鲜肩锁关节脱位患者(T组)和采用AO/ASIF锁骨钩钢板切开复位内固定患者(C组)资料。T组总共32例,其中男12例,女20例,平均年龄(45.6±2.6)岁,均有明确外伤病史,住院时间3～15d,平均(4.3±0.36)d。手术均采用小切口三重带袢纽扣钢板辅助5根10股2号爱惜邦缝线内固定脱位肩锁关节。术后每日行2次肩关节全范围活动训练。C组总共35例,其中男17例,女18例,年龄在18～57岁,平均年龄(40.2±1.8)岁,均有明确外伤病史。手术均采用切开复位AO/ASIF锁骨钩钢板内固定。术后每日行2次肩关节全范围活动训练。术后1周,2周,1个月,3个月,6个月和12个月门诊随访,行X线检查,通过术中及住院期间相关指标,治疗后视觉模拟疼痛评分(VAS评分)、Constant-Murley肩关节功能评分及并发症情况进行对比评价,其中患者性别、男女比例、拆除内固定例数和并发症例数采用卡方检验。平均年龄、返回工作时间、平均住院日、术中失血、手术时间、切口大小、术中平均透视次数、VAS评分和Constant-Murley肩关节功能评分首先行方差齐性检验,若结果方差齐,则组间比较采用非配对t检验。结果67例中65例患者取得了12个月随访。T组和C组中各有1例术后失访。Constant-Murley评分T组平均为(56.3±3.4)分(1周),(68.4±4.5)分(2周),(72.1±6.6)分(1个月),(78.9±7.2)分(3个月),(85.4±7.5)分(6个月),(94.1±7.7)分(12个月);C组平均为(46.3±2.6)分(1周),(61.4±3.7)分(2周),(69.8±5.8)分(1个月),(77.9±7.0)分(3个月),(83.5±7.1)分(6个月),(92.2±7.5)分(12个月);术后2周前T组Constant-Murley评分优于C组,差异具有统计学意义(F=1.525,P0.05),此后两组之间无明显统计学差异(P0.05)。VAS评分T组平均为(5.60±0.56)分(1周),(3.50±0.45)分(2周),(2.90±0.47)分(1个月),(1.90±0.51)分(3个月),(1.50±0.23)分(6个月),(1.20±0.11)分(12个月);C组平均为(6.50±0.65)分(1周),(5.30±0.56)分(2周),(3.10±0.38)分(1个月),(2.10±0.57)分(3个月),(1.60±0.32)分(6个月),(1.30±0.12)分(12个月);术后2周前T组VAS评分优于C组,差异具有统计学意义(F=1.549,P0.05),此后两组之间无明显统计学差异(P0.05),两组术后3个月复查时均无明显疼痛。另外两组手术患者对术后的肩关节功能均满意,X线片显示无再发脱位和半脱位。结论小切口切开三重带袢纽扣钢板技术治疗RockwoodⅢ型新鲜肩锁关节脱位的总体疗效与AO/ASIF锁骨钩钢板相当。两种手术方式均能有效提供早期机械稳定性,为喙锁韧带的愈合和瘢痕形成提供条件,和传统AO/ASIF锁骨钩钢板技术相比,小切口三重带袢纽扣钢板带袢钢板技术具有手术创伤小,术中透视次数相当,手术技术难度小,喙锁韧带解剖复位,术后患者恢复快,并发症少,无需手术取出和促进早期活动等优点。",,,
22,WCNM0013750601,3,wanfang,http://med.wanfangdata.com.cn/Paper/Detail/PeriodicalPaper_zhxlscxzz201406012,高血压伴左心室肥厚患者ACE2350G/A及Chymase基因多态性与心房颤动的关系,李建民; 朱莉; 殷屹刚; 阮中宝; 王如珠; 任寅,"225300,江苏省泰州市人民医院心脏内科",《中华心律失常学杂志》 2014年18卷6期,"目的研究血管紧张素转换酶基因2350G→A单核苷酸多态性(ACE2350G/A)及胃促胰酶(Chymase)基因多态性在高血压伴左心室肥厚(LVH)人群中心房颤动(房颤)及非房颤患者中的分布,探讨高血压伴LVH患者房颤发生的分子遗传学机制,为房颤的防治提供临床和实验依据.方法2010年8月至2013年6月泰州市人民医院收治的408例高血压伴LVH住院患者,根据有无房颤分为LVH-房颤组和LVH组,利用聚合酶链反应(PCR)及限制性酶切技术进行检测ACE2350G/A及Chymase基因的CMA/B多态性.结果LVH-房颤组ACE2350基因G、A等位基因的频率明显高于LVH组(x2=5.503,P=0.019).ACE2350基因多态性与高血压伴LVH患者房颤相关.CMA/B基因在房颤组与LVH组G、A等位基因频率差异无统计学意义(x2=0.933,P=0.334),CMA/B基因与高血压伴LVH患者房颤发生无显著相关.与正常人相比,各类型LVH患者的CMA/B基因的GG,AA及G、A等位基因频率差异均有统计学意义.结论ACE2350基因多态性与高血压伴LVH患者房颤发生相关,AA基因型增加房颤的发生风险,A等位基因为房颤发生的危险基因.CMA/B基因与高血压伴LVH患者房颤发生无显著相关.",心房颤动; 左心室肥厚; 高血压; 基因; 多态性; Atrialfibrillation; Leftventricularhypertension; Hypertrophy; Genotype; Polymorphism,10.3760/cma.j.issn.1007-6638.2014.06.012,2015-03-13
23,WCNM0013750601,3,cqvip,http://www.cqvip.com/QK/93617A/201523/666828504.html,高、低龄高血压老年患者24h动态血压、心电图的特点分析,任寅; 朱莉; 殷屹岗; 阮中宝; 陈各才,江苏省泰州市人民医院,《中国实用医刊》2015年 第23期,"目的研究不同年龄老年高血压患者24h动态血压及心电图的临床特点.方法选取泰州市人民医院160例老年高血压患者进行研究,根据年龄分为高龄组与低龄组,高龄组64例,年龄80岁以上;低龄组96例,年龄60-79岁.分析两组患者24h动态血压、心电图.结果低龄组24h收缩压、24h舒张压、白天收缩压、白天舒张压、夜间舒张压分别为（126.30±12.01）、（70.15±8.41）、（129.20±10.58）、（69.21±6.48）、（65.34±10.54）mmHg（1mmHg=0.133kPa）,均高于高龄组的（120.54±10.06）、（64.54±6.21）、（120.33±10.45）、（59.30±5.49）、（58.55±7.46）mmHg,高龄组夜间收缩压则较高.低龄组全天、白天心率分别为（67.21±10.02）、（70.21±10.03）次/min,均高于高龄组的（62.55±6.74）、（64.57±7.54）次/min（P〈0.05）,两组夜间心率比较差异未见统计学意义（P〉0.05）;缺血性ST-T改变低龄组与高龄组分别为528、556次,高龄组稍高,有症状缺血性ST-T改变低龄组显著较高,高龄组室性、房室内及束支阻滞发生率高于低龄组（P〈0.05）.结论24h动态血压及心电图监测可全天候对患者血压等体征进行监控,临床有必要加强对高危患者24h动态血压及心电图的监测,改善患者预后.",高血压; 老年患者; 动态血压; 心电图,,
24,WCNM0013750601,5,cnki,http://www.cnki.com.cn/Article/CJFDTotal-LNXG201401030.htm,间充质干细胞治疗心肌梗死研究进展,陈各才; 岳爱环; 阮中宝; 朱莉,泰州市人民医院心内科; 江苏省北科生物科技有限公司,《中华老年心脑血管病杂志》 2014年01期,"正2001年德国移植免疫和细胞治疗研究所Strauer等首次对心肌梗死(MI)患者尝试自体骨髓干细胞移植,10周后发现患者左心室周长缩小,心脏指数、LVEF、心输出量等均有明显改善,坏死心肌的平均面积由24.6%减至15.7%。目前,虽未能广泛应用于临床治疗,但已能预见其广阔前景。1MI治疗现状",,,
25,WCNM0013750601,6,cnki,http://www.cnki.com.cn/Article/CJFDTotal-NJYK200610028.htm,线性消融治疗常规消融方法困难的房室结折返性心动过速21例临床报告,阮中宝; 朱莉; 樊建备; 翟为洪; 张宜生,泰州市人民医院心内科,《南京医科大学学报(自然科学版)》 2006年10期,,,,
26,WCNM0046927501,0,cnki,https://kns.cnki.net/KCMS/detail/detail.aspx?dbcode=CJFD&filename=FJZY201803014,,,,,"目的研究健骨颗粒对钛颗粒诱导的骨溶解模型大鼠OPG/RANKL/RANK系统相关因子的影响,探讨其防治人工关节假体无菌性松动发病机制。方法40只SD大鼠随机取10只将其颅骨骨片作为供体,其余30只制备植骨气囊模型后随机分为对照组、模型组和健骨颗粒组各10只,其中模型组和健骨颗粒组建立肽颗粒诱导的骨溶解病理模型。造模后健骨颗粒组予健骨颗粒混悬液灌胃,对照组和模型组予等量生理盐水灌胃,连续灌胃2周。灌胃结束后取出完整气囊,HE染色观察植骨气囊壁形态变化,ELISA法检测IL-1β、TNF-α含量,Real-timePCR法检测OPG、RANKLmRNA表达。结果HE染色中对照组气囊壁炎症反应较轻、无明显骨溶解,模型组气囊壁厚度增加、炎细胞浸润以及骨溶解,健骨颗粒组炎细胞浸润、骨溶解程度较模型组低。与对照组比较,模型组IL-1β、TNF-α含量及RANKLmRNA表达明显升高(P<0.05),OPGmRNA表达及OPG/RANKL明显降低(P<0.05);与模型组比较,健骨颗粒组IL-1β、TNF-α含量及RANKLmRNA表达明显降低(P<0.05),OPGmRNA表达及OPG/RANKL明显升高(P<0.05)。结论健骨颗粒可能通过降低炎性反应、上调OPG/RANKLmRNA比值来抑制钛颗粒诱导骨溶解,这可能是其防治人工关节无菌性松动的作用机制之一。",,,
27,WCNM0046927501,0,cnki,http://www.cnki.com.cn/Article/CJFDTotal-GGJS201805033.htm,PFNA内固定与人工股骨头置换术治疗老年不稳定股骨粗隆间骨折的比较,郑世雄; 范超领; 刘合亮; 魏艳珍; 冯尔宥; 张怡元,福州市第二医院创伤外科八区,《中国骨与关节损伤杂志》 2018年05期,"目的比较股骨近端防旋髓内钉(PFNA)与人工股骨头置换术治疗老年不稳定股骨粗隆间骨折的临床效果。方法回顾性分析自2012-02—2015-06手术治疗的142例老年股骨粗隆间骨折,采用PFNA内固定治疗75例(PFNA组),采用人工股骨头置换术治疗67例(置换组)。结果142例均获得了18个月的随访。与PFNA组比较,置换组术后至下床时间更短,术后1周疼痛VAS评分更低,术后1、3个月髋关节功能Harris评分更高,但切口更长,术中出血量更多,术后并发症发生率更高,差异有统计学意义(P0.05)。PFNA组与置换组手术时间、住院时间、术后6个月髋关节功能Harris评分比较差异无统计学意义(P0.05)。结论PFNA内固定治疗老年不稳定股骨粗隆间骨折具有切口小、术中出血少及术后并发症发生率低等优点,但术后髋关节功能恢复更慢;人工股骨头置换术治疗老年不稳定股骨粗隆间骨折具有术后下床时间早、疼痛缓解快、早期髋关节功能良好等优点,但手术创伤大、术后并发症较多。",,,
28,WCNM0013750601,0,cqvip,http://www.cqvip.com/Main/Detail.aspx?id=9592954,112例冠心病病人冠脉造影临床分析,殷屹岗; 朱莉; 吉恒东; 阮中宝; 陈松林; 王继曾,泰州市人民医院心内科,《江苏大学学报：医学版》2004年 第2期,"冠脉造影(coronaryangiography,CAG)是冠心病确诊的""金标准"".本文对我院接受CAG的112例患者的造影结果、临床病灶特点、经皮冠状动脉腔内成形术(PTCA)和支架术的手术成功率、并发症及术后随访方面进行了回顾性分析.",冠心病; 碰脉造影; 经皮腔内冠状动脉成形术; 支架术,,
29,WCNM0013750601,0,wanfang,http://med.wanfangdata.com.cn/Paper/Detail/PeriodicalPaper_jslcyxzz200406034,卡维地洛对急性心肌梗死心率变异性及恶性室性心律失常的影响,张万秋; 翟为洪; 阮中宝,,《实用临床医药杂志》 2004年8卷6期,"篇首：心率变异性(HRV)分析是反映支配心脏自主神经活动性的一项无创性指标.近年来研究发现,HRV降低是预测急性心肌梗死(AMI)后恶性室性心律失常(MVA)发生及猝死的最主要指标[1].本研究旨在用临床药物干预,口服新一代β受体阻滞剂卡维地洛,观察对AMI患者HRV及MVA的影响.",卡维地洛; 心肌梗死; 心率变异性; 心律失常,10.3969/j.issn.1672-2353.2004.06.034,2005-02-24
30,WCNM0013750601,0,cnki,http://www.cnki.com.cn/Article/CJFDTotal-LCFC200903023.htm,Ensite NavX三维标测系统加单Lasso电极指导环肺静脉左心房线性导管射频消融治疗心房颤动,阮中宝; 朱莉; 任寅; 张宜生,泰州市人民医院心内科,《临床荟萃》 2009年03期,,,,
31,WCNM0013750601,0,wanfang,http://d.wanfangdata.com.cn/periodical/xxgkfyxzz200904035,,,,  ,,,,
32,WCNM0013750601,0,cnki,http://www.cnki.com.cn/Article/CJFDTotal-YIYA200810003.htm,EnSite NavX标测系统和Lasso指导环肺静脉左房线性消融治疗心房颤动,朱莉; 阮中宝; 任寅; 翟为洪; 张宜生,泰州市人民医院心脏病科,《江苏医药》 2008年10期,"目的探讨EnSiteNavX标测系统和Lasso指导环肺静脉左房线性消融电隔离治疗心房颤动(房颤)的疗效。方法阵发性房颤14例和持续性房颤3例,采用EnSiteNavX标测系统和Lasso进行环肺静脉左房线性消融,消融终点为肺静脉电隔离。结果17例均达消融终点,手术时间(226.1±36.2)min、X线曝光时间(41.3±12.8)min、放电时间(61.9±15.4)min。术后60d有2例复发,1例再次消融成功。随访4～30个月,14例(82.3%)无房颤发作,3例(17.7%)复发,但发作次数及时间均较术前明显减少,用胺碘酮(术前治疗无效)可控制。术中及随访期无任何与操作相关的并发症。结论EnSiteNavX标测系统和Lasso指导环肺静脉线性消融治疗房颤有效、安全。",,,
33,WCNM0013750601,0,cnki,http://cpfd.cnki.com.cn/Article/CPFDTOTAL-GXYS201412001177.htm,对比主动与被动电极植入右室心尖部或右室间隔部即刻起搏参数,任寅; 朱莉; 阮中宝; 陈各才; 朱俊国; 李学知,江苏省泰州市人民医院心血管内科,《全国高血压防治知识推广培训班暨健康血压中国行海南海口会论文综合刊》 2014年,"目的:对主动与被动电极植入右室心尖部或右室间隔部即刻起搏参数进行比较分析。方法:资料选自我院心血管内科2010年8月~2011年12月植入永久起搏器的患者20例,根据植入方法分为两组,A组5例采用主动电极植入右室心尖部起搏,B组15例采用被动电极植入右室心尖部起搏;再于2013年1月~2013年12月选择15例植入永久起搏器的患者,作为C组,采用主动电极植入右室间隔部起搏,对比三组即刻起搏参数之间的差异性。结果:三组患者手术均顺利完成,对三组均进行即刻起搏参数测试,A、B两组比较,A组即刻起搏阈值较高于B组(P0.05)在起搏部位相同的情况下电极类型是影响差异的主要原因;A、C两组比较,C组电极阻抗高于A组(P0.05),在电极类型相同的情况下起搏部位是影响差异的主要原因。结论:对比主动与被动电极植入右室心尖部或右室间隔部即刻起搏参数,采取主动电极植入右室间隔部起搏是最为安全、可靠的,可以优先选择。",,,
34,WCNM0013750601,0,wanfang,http://d.wanfangdata.com.cn/periodical/jsyy200810002,,,,  ,,,,
35,WCNM0013750601,0,cnki,http://www.cnki.com.cn/Article/CJFDTotal-HLSJ201322014.htm,13例扩张型心肌病患者心脏再同步化治疗并植入心脏复律除颤器围术期护理,田月华; 阮中宝; 顾爱琴; 张宜生,江苏省泰州市人民医院,《护理实践与研究》 2013年22期,"目的:探讨13例扩张型心肌病患者进行心脏再同步化治疗并植入心脏复律除颤器(CRT-D)的护理方法。方法:对13例扩张型心肌病植入CRT-D患者,严密观察病情,预防患者各种并发症的发生,同时充分重视手术中除颤阈值(DFT)测试护理。结果:13例患者由于术前准备充分,术中术后护理到位,未发生严重并发症。结论:CRT-D是治疗顽固性心力衰竭患者最好的方法,通过术前精心的准备,手术中DFT测试的高度重视,严格术后护理,可降低并发症的发生率,保障患者生命安全。",,,
36,WCNM0013750601,0,wanfang,http://med.wanfangdata.com.cn/Error?aspxerrorpath=/SearchCenter/searchInfomation.aspx,,,,,,,,
37,WCNM0013750601,0,wanfang,http://med.wanfangdata.com.cn/Paper/Detail/PeriodicalPaper_qywy-xsb201111455,主动脉夹层动脉瘤患者支架植入术的护理体会,吴祝兰; 张宜生; 阮中宝,,《求医问药（学术版）》 2011年09卷11期,"篇首：主动脉夹层动脉瘤是主动脉壁发生中层坏死或退行性病变而出现的一种疾病.当内膜破裂时,血液便在主动脉压力的作用下,在中层内形成血肿并主要向远端延伸形成夹层动脉瘤[1].主动脉夹层动脉瘤的死亡率非常高,其发病24h内的死亡率为20%～40%,一周内的死亡率为60%～70%[2].",主动脉夹层动脉瘤; 覆膜支架; 护理,,2012-03-26
38,WCNM0013750601,0,cnki,http://www.cnki.com.cn/Article/CJFDTotal-YLYS201823001.htm,人脐带间充质干细胞分化为心肌细胞过程中CaN-NFATc信号通路表达的变化,阮中宝; 张瑞; 陈各才; 王飞; 朱莉,泰州市人民医院,《临床医学研究与实践》 2018年23期,"目的探讨钙调神经磷酸酶(CaN)-活化T细胞核因子(NFATc)信号通路在5-氮杂胞苷(5-aza)诱导人脐带间充质干细胞(hUCMSCs)分化为心肌细胞过程中的作用。方法收集足月顺产健康产妇的脐带,于无菌条件下剪碎后体外分离、培养hUCMSCs,采用10μmol/L或20μmol/L5-aza对P3代hUCMSCs诱导24h后继续培养4周。采用RT-PCR和WesternBlot检测诱导前、后CalcineurinA、GATA4和NFATc2表达。结果与诱导前和对照组比较,10μmol/L和20μmol/L浓度诱导4周hUCMSCs的CalcineurinA、GATA4和NFATc2表达均明显上调(P0.05或P0.01)。10μmol/L浓度的5-aza诱导效果效果明显优于20μmol/L(P0.05或P0.01)。对照组4周后CalcineurinA、GATA4和NFATc2表达水平较诱导前无明显变化(P0.05)。结论CaN-NFATc信号通路参与hUCMSCs心肌细胞分化的调控,10μmol/L的浓度是5-aza诱导hUCMSCs心肌细胞分化的最佳浓度。",,,
39,WCNM0013750601,0,wanfang,http://d.wanfangdata.com.cn/periodical/hnyx201805035,,,,  ,,,,
40,WCNM0013750601,0,cnki,http://www.cnki.com.cn/Article/CJFDTotal-ZXJH201822001.htm,新一代冷冻球囊消融治疗阵发性心房颤动单中心经验总结,丁祥伟; 阮中宝; 任寅; 陈各才; 朱俊国,江苏省泰州市人民医院,《中西医结合心血管病电子杂志》 2018年22期,"目的探讨新一代冷冻球囊消融治疗阵发性房颤的学习曲线、即刻手术成功率与安全性。方法选取2016年10月~2018年5月于泰州市人民医院心内科接受新一代冷冻球囊消融的阵发性房颤患者42例作为研究对象,将其按手术时间顺序分成A组、B组、C组,分析其手术时间、X线曝光时间、肺静脉隔离即刻成功率、学习曲线和手术并发症情况。结果42例行冷冻球囊消融阵发性房颤患者中,冷冻球囊的肺静脉隔离即刻成功率为92.3%(155/168支)。与A、B两组相比,C组平均手术时间、平均X线曝光时间均明显下降,差异有统计学意义(P0.01)。术中1例出现膈神经损伤(术后2天内恢复)、1例出现一过性迷走反射。结论新一代冷冻球囊消融隔离肺静脉治疗阵发性房颤安全有效,术者学习曲线较短。",,,
41,WCNM0013750601,0,cqvip,http://www.cqvip.com/QK/93060A/201821/676845655.html,丹参川芎嗪注射液对PCI术后病人心肌缺血再灌注的保护作用及其机制探讨,丁祥伟; 阮中宝; 王如珠; 林杰,泰州市人民医院,《中西医结合心脑血管病杂志》2018年 第21期,"目的探讨丹参川芎嗪注射液对经皮冠状动脉介入（PCI）术后病人心肌缺血再灌注的保护作用及其机制。方法选择我院收治的急性冠脉综合征需要行PCI术治疗病人97例,将其随机分为观察组51例、对照组46例。对照组术前7d给予阿司匹林以及氯吡格雷,观察组在对照组基础上给予丹参川芎嗪注射液,观察两组病人PCI手术前后心肌酶、细胞因子、抗氧化指标变化情况。结果术前两组病人心肌酶、细胞因子、抗氧化指标比较差异无统计学意义（P〈0.05）,术后两组病人肌酸激酶同工酶（CK-MB）、天门冬氨酸氨基转移酶（AST）、乳酸脱氢酶（LDH）水平均较术前降低（P〈0.05）,但术后两组病人CK-MB、AST以及LDH水平差异无统计学意义（P〉0.05）。术后两组病人血清白介素-6（IL-6）、肿瘤坏死因子-α（TNF-α）以及C反应蛋白（CRP）水平均较术前升高（P〈0.05）,术后观察组病人血清IL-6、TNF-α以及CRP水平低于对照组（P〈0.05）。术后观察组病人超氧化物歧化酶（SOD）、一氧化氮（NO）高于术前（P〈0.05）,丙二醛（MDA）水平低于术前（P〈0.05）,术后两组病人SOD、NO以及MDA水平差异有统计学意义（P〈0.05）。结论丹参川芎嗪注射液对PCI术后病人心肌缺血再灌注具有明显的保护作用,其作用机制可能与抑制机体炎症反应以及清除机体氧自由基有关。",丹参川芎嗪注射液; 经皮冠状动脉介入术; 心肌缺血再灌注; 心肌酶; 炎症因子; 超氧化物歧化酶; 一氧化氮; 丙二醛,,
42,WCNM0013750601,0,cqvip,http://www.cqvip.com/QK/71825X/201726/673728505.html,冠心病患者糖化血红蛋白、血尿酸水平与冠脉病变关系的研究,陈各才; 阮中宝; 任寅; 朱莉,泰州市人民医院心内科,《中西医结合心血管病杂志（电子版）》2017年 第26期,"目的研究冠心病患者的糖化血红蛋白和血尿酸水平与冠脉病变的相关性.方法选取2016年07月01日～2017年6月30日我院拟诊冠心病住院患者120例进行对比研究,分析其血清尿酸、糖化血红蛋白水平和病变程度积分之间的相关性.结果观察组的血尿酸水平和糖化血红蛋白水平显著高于对照组;观察组中血尿酸水平和糖化血红蛋白水平同病变程度积分呈正相关;观察组A组的血尿酸水平和病变程度积分之间不存在相关性,但观察组B组则为正相关.结论对血尿酸水平合并糖化血红蛋白水平的联合检测结果能够预测冠脉病变的程度,价值显著.",冠心病; 糖化血红蛋白; 血尿酸; 冠脉病变,,
43,WCNM0013750601,0,cqvip,http://www.cqvip.com/QK/71167X/201606/671342582.html,靶向沉默动脉粥样硬化患者巨噬细胞中Notch基因对NF-κB经典通路的影响,李伟; 朱莉; 阮中宝; 任寅; 王斌,扬州大学附属泰州市人民医院胸痛中心,《中华细胞与干细胞杂志（电子版）》2016年 第6期,"目的探讨Notch和NF-κB信号通路在动脉粥样硬化（AS）发病过程中的作用方式、两者是否存在串话。方法将AS患者外周血单核细胞诱导为巨噬细胞后,分别经Notch1-siRNA、Notch2-siRNA、Notch3-siRNA以及NC-siRNA转染。使用RT-PCR和WesternBlot法检测转染后各组P65、IκBα基因以及蛋白表达情况。EMSA法检测转染后各组NF-κB活性。免疫荧光法检测巨噬细胞内P65分布。两组间资料差异比较采用t检验,多组间比较采用单因素方差分析。结果RT-PCR结果显示,siRNA转染巨噬细胞后,Notch3-siRNA组、Notch2-siRNA组、Notch1-siRNA组中P65基因表达水平渐次降低（分别为0.709±0.007、0.557±0.031、0.114±0.014）,组间差异有统计学意义（F=709.224,P〈0.001）,且较空白及阴性对照组均出现明显下降（P〈0.05）,Noch1-siRNA组下降最显著;而IκBα表达水平渐次升高（分别为1.811±0.172、3.253±0.169、5.295±0.433）,组间差异有统计学意义（F=112.290,P〈0.001）,并均明显高于空白、阴性对照组（P〈0.05）,也以Noch1-siRNA组变化最明显。Western-Blot方法检测所得P65、IκBα蛋白表达结果与RT-PCR结果一致。Notch-siRNA转染后的巨噬细胞内NF-κB活性均显著低于空白对照组和阴性对照组,Notch1-siRNA组活性下降最显著。巨噬细胞核内及胞浆内P65蛋白的荧光强度Notch1-siRNA组（21405.20±929.91）、Notch2-siRNA组（25987.13±911.40）、Notch3-siRNA组（28074.67±452.16）较空白对照组（57238.33±1059.21）以及阴性对照组（55844.27±1331.10）均不同程度减弱（P均〈0.01）,且细胞核内荧光强度较核外更低,以Notch1-siRNA组减弱最明显（组间比较F=55.137,P〈0.001）。结论AS患者巨噬细胞中Notch与NF-κB经典通路之间存在正向调节,且Notch1通路较Notch2、Notch3对NF-κB经典通路的调节作用更显著。",NOTCH; NF-ΚB; 基因表达; 动脉粥样硬化; 巨噬细胞,,
44,WCNM0013750601,0,wanfang,http://med.wanfangdata.com.cn/Paper/Detail/PeriodicalPaper_zxyjhxxgbdzzz201829135,"非瓣膜性心房颤动12例""一站式""介入治疗临床分析",阮中宝; 任寅; 陈各才; 朱俊国; 金凯; 丁祥伟; 李伟; 吴玉呈; 王飞; 朱莉,,《中西医结合心血管病电子杂志》 2018年6卷29期,"目的探讨非瓣膜性心房颤动(房颤)一站式介入治疗(射频或冷冻球囊消融联合左心耳封堵术)的有效性和安全性.方法选取我院2017年1月～2017年10月房颤中心住院治疗的非瓣膜性房颤患者12例,术前签署知情同意书后行一站式介入治疗.结果术中肺静脉隔离成功率100％.12例患者均成功植入Watchman封堵器,1例封堵效果不满意更换封堵器,2例半回收2次释放.膈神经麻痹1例(8.33％),术后第3天恢复正常,出现穿刺点渗血和皮下血肿2例(16.67％),动静脉瘘1例(8.33％).诊随访6个月,10例(83.33％)维持窦律.术后3个月食道超声1例封堵器表面血栓形成,继续抗凝治疗1月后复查食道超声血栓消失.5例术中残余漏术后3个月食道超声检查3例消失,2例存在左心耳与左心房间残余漏,平均(1.45±0.35)mm,较术中平均(2.86±0.77)mm明显减少;差异有统计学意义(P<0.05).结论对于有症状且脑卒中高风险、不愿意或无法耐受长期抗凝治疗的非瓣膜性房颤患者,进行""一站式""内科介入治疗安全可行.",心房颤动; 射频消融; 冷冻消融; 左心耳封堵术; 一站式,10.3969/j.issn.2095-6681.2018.29.135,2018-11-20
45,WCNM0013750601,0,cnki,https://kns.cnki.net/KCMS/detail/detail.aspx?dbcode=CJFD&filename=SYXD202002006,,,,,"目的探讨不同性别房颤患者的临床特点,比较不同性别行房颤导管射频消融的安全性。方法将行导管射频消融的房颤患者451例,分为男性组和女性组,比较分析不同性别组的房颤类型、心脏超声指标、生化指标以及手术并发症等指标。结果女性患者吸烟、饮酒比例更低,左房内径更小,阵发性房颤比例更高,而男性患者尿酸、肌酐高于女性。不同性别组并发症发生率差异没有统计学意义(P>0.05)。结论女性房颤患者有独特的临床特点,但行房颤导管消融术同样安全。",,,
46,WCNM0013750601,0,cnki,http://www.cnki.com.cn/Article/CJFDTotal-SYXL20190722005.htm,低静息心率与≥65岁心房颤动患者导管消融术后复发的关系研究,陈各才; 杨向军; 阮中宝; 朱莉,江苏省泰州市人民医院心血管内科,《实用心脑肺血管病杂志》 2019年05期,"背景导管消融术是临床治疗心房颤动(AF)的主要手段,但术后仍存在一定复发风险,而老年AF患者导管消融术后低静息心率(RHR)发生率及复发率均较高。目的探讨低RHR与≥65岁AF患者导管消融术后复发的关系。方法选取2015年1月—2017年10月泰州市人民医院和苏州大学附属第一医院收治的≥65岁并行左心房环肺静脉导管消融术的AF患者82例,根据术前RHR分为A组(50次/min,n=11)、B组(50～59次/min,n=17)、C组(≥60次/min,n=54);根据术后3个月AF复发情况分为复发组(n=25)和非复发组(n=57)。比较A组、B组、C组患者一般资料[包括性别、年龄、AF病程、CHADS2评分、合并症(包括高血压、糖尿病、心力衰竭)、器质性心脏病发生情况]、左心房直径、左心室射血分数(LVEF)、术后3个月复发率,并比较A、B、C组导管消融术前及术后3个月RHR;比较复发组与非复发组患者一般资料、左心室直径、LVEF、随访1年RHR;低RHR与≥65岁AF患者导管消融术后复发的关系分析采用多因素Logistic回归分析。结果(1)A、B、C组患者年龄、AF病程、左心房直径及术后3个月复发率比较,差异有统计学意义(P0.05);A、B、C组患者性别,CHADS2评分,高血压、糖尿病、心力衰竭及器质性心脏病发生率,LVEF比较,差异无统计学意义(P0.05)。(2)A组患者术前及术后3个月RHR比较,差异无统计学意义(P0.05);B、C组患者术后3个月RHR高于术前(P0.05)。(3)本组患者导管消融术后复发率为30.5%(25/82)。复发组与非复发组患者性别,年龄,AF病程,高血压、糖尿病、心力衰竭、器质性心脏病发生率,LVEF,随访1年RHR比较,差异无统计学意义(P0.05);复发组患者CHADS2评分高于非复发组,左心房直径长于非复发组(P0.05)。(4)多因素Logistic回归分析结果显示,术前RHR50次/min是≥65岁AF患者导管消融术后复发的独立危险因素(P0.05)。结论≥65岁AF患者导管消融术后复发率较高,而术前RHR50次/min是≥65岁AF患者导管消融术后复发的独立危险因素,临床上应采取针对性措施控制RHR以降低患者导管消融术后复发风险。",,,
47,WCNM0013750601,0,cnki,http://www.cnki.com.cn/Article/CJFDTotal-WYSB201910026.htm,心房颤动患者疾病的接受程度和健康生活质量的影响因素,王佳佳; 刘小丽; 徐琴; 阮中宝,如皋市人民医院心内科,《临床与病理杂志》 2019年10期,"目的:探究心房颤动(以下简称""房颤"")患者的疾病接受程度以及影响患者健康生活质量(healthrelatedqualityoflife,HRQOL)的相关性因素。方法:选择2016年12月至2018年6月于如皋市人民医院收治住院治疗的100例房颤患者为研究对象,对所有患者进行中文版世界卫生组织生存质量测定量表简表(WHOQualityofLifeMeasurementScaleBriefVersion,WHOQOL-BREF)以及疾病接受度量表(AcceptanceofIllnessScale,AIS)的问卷调查,探究患者疾病接受程度与健康生活质量间的关系,并对影响患者健康生活质量的相关因素进行探究。结果:疾病接受程度不同的患者,其WHOQOL-BREF中生理、人际关系以及环境领域评分存在显著差异;教育程度、居住地、住院次数以及患者满意度同时与患者WHOQOL-BREF中生理、人际关系以及环境呈显著相关。结论:教育程度、居住地、性别以及患者满意度是影响患者HRQOL评分的独立影响因素。",,,
48,WCNM0013750601,0,cnki,http://www.cnki.com.cn/Article/CJFDTotal-LCWX201953003.htm,重组人脑利钠肽治疗顽固性心衰疗效观察,陈各才; 阮中宝; 朱莉,江苏省泰州市人民医院心内科,《临床医药文献电子杂志》 2019年53期,"目的探讨分析为顽固性心力衰竭患者实施重组人脑利钠肽治疗的临床效果。方法2017年1月～2018年12月,将64例顽固性心力衰竭患者随机等分为两组,每组各32例,为参照组行多巴酚丁胺药物治疗,针对研究组实施重组人脑利钠肽药物治疗,比较两组的治疗有效率指标测算值,以及接受治疗前后的左心室射血分数指标测算值。结果研究组的治疗有效率指标测算值高于参照组(P0.05)。治疗前,研究组的左心室射血分数指标测算值与参照组大致相当(P0.05);治疗后,研究组的左心室射血分数指标测算值高于参照组(P0.05)。同时,经治疗后研究组患者6分钟步行距离高于对照组(P0.05)。结论为顽固性心力衰竭患者实施重组人脑利钠肽药物治疗,能够提高顽固性心衰患者的左室射血分数,增加患者的6分钟步行距离,改善顽固性心衰患者心功能。",,,
49,WCNM0013750601,0,cqvip,http://www.cqvip.com/QK/93304X/20193/7001833137.html,IL-6R基因多态性与冠心病风险的关系,陈各才; 阮中宝; 朱莉; 吴竹兰,泰州市人民医院心内科,《江苏医药》2019年 第3期,"目的探讨IL-6受体(IL-6R)基因多态性与冠心病风险的关系。方法检测泰州地区233例冠心病患者(冠心病组)和218例无心血管疾病史人群(对照组)的炎症标志物及脂质水平,使用高分辨率融解对IL-6R的单核苷酸多态性rs2228145(A/C)、rs4845617(A/G)和rs1800795(C/G)进行基因分型,并采用qRT-PCR评估rs2228145对可溶性IL-6R(sIL-6R)和膜结合IL-6R(mIL-6R)mRNA表达水平的影响。结果与对照组相比,冠心病组IL-6、LDL-C和纤维蛋白原水平升高[(0.82±0.64)ng/mlvs.(0.61±0.68)ng/ml、(4.32±0.91)mmol/Lvs.(4.03±0.86)mmol/L和(5.84±5.13)g/Lvs.(5.74±4.22)g/L](P<0.05),而sIL-6R水平降低[(4.60±3.40)pg/mlvs.(5.17±3.80)pg/ml](P<0.05)。两组IL-6Rrs2228145基因型频率差异有统计学意义(P<0.05)。IL-6Rrs2228145CC基因型降低了冠心病的风险[OR=0.914,95%CI(0.875~0.953),P<0.05]。与携带A等位基因的患者相比,携带C等位基因患者的sIL-6RmRNA表达水平升高,而mIL-6RmRNA表达水平降低(P<0.05)。结论IL-6、sIL-6R及CRP等促炎细胞因子与冠心病的风险有关;IL-6Rrs2228145与冠心病的易感性有关。",白细胞介素6受体; 冠心病; 基因多态性,,
50,WCNM0013750601,5,wanfang,http://med.wanfangdata.com.cn/Paper/Detail/PeriodicalPaper_zhlnyx201506007,右室不同部位起搏对血浆氨基末端脑钠肽前体水平及左心收缩功能的影响,任寅; 朱莉; 阮中宝; 陈各才; 朱俊国,"225300,泰州市人民医院心内科",《中华老年医学杂志》 2015年34卷6期,"目的探讨右室不同部位起搏对起搏依赖患者血浆氨基末端脑钠肽前体(NT-ProBNP)水平及左心收缩功能的影响.方法选择植入双腔起搏器的患者76例,按心室电极固定部位不同随机分为右室心尖部起搏组36例及右心室间隔部起搏组40例.观察两组术前与术后6个月血清NT-proBNP水平、左室舒张末期内径及左室射血分数的变化.结果术前两组血清NT-proBNP水平差异无统计学意义(P＞0.05),术后6个月随访检测血清NT-proBNP水平,两组都有所增加,但右室心尖部起搏组较右心室间隔部组升高(P＜0.05);右心室间隔部起搏组术后左室舒张末期内径和左室射血分数与术前比较差异无统计学意义(P＞0.05);右室心尖部起搏组术后6个月左室舒张末期内径较术前增大,左室射血分数减小(P＜0.05).直线相关性分析示NT-proBNP水平与左室射血分数呈负相关(γ=-0.76,P＜0.05).结论与右室心尖部起搏相比,右室间隔部起搏能保证心室正常的激动顺序,且对左心收缩功能的不良影响小,是一种较为理想的起搏部位.","心脏起搏器,人工; 心肌收缩; 利钠肽,脑; Pacemakerartificial; Myocardialcontraction; Natriureticpeptide,brain",10.3760/cma.j.issn.0254-9026.2015.06.007,2015-07-13
51,WCNM0013750601,0,cqvip,http://www.cqvip.com/QK/94483X/200404/11338445.html,风险指数预测ST段抬高型心肌梗死患者早期预后的价值,张万秋; 阮中宝; 吴竹兰,泰州市人民医院心内科; 江苏省泰州职业技术学院医学系,《南通医学院学报》2004年 第4期,"目的:探讨风险指数对ST段抬高型心肌梗死(STEMI)患者早期心脏事件及病死率预测价值.方法:对84例确诊为STEMI患者的风险指数进行回顾性分析,风险指数为HR×[age/10]2/SBP,式中HR为心率(次*min-1),age为年龄(岁),SBP为收缩压(mmHg).分析风险指数与心脏事件及病死率关系.结果:(1)年龄增大、心率增加、血压降低,STEMI患者的风险指数,心脏事件及病死率均增加(P<0.05);(2)STEMI患者无心脏事件发生组风险指数明显低于有心脏事件发生组(P<0.05);(3)STEMI患者存活组风险指数明显低于死亡组(P<0.05).结论:STEMI患者风险指数与早期心脏事件、病死率密切相关,可指导早期临床治疗措施,加强重点人群干预.",风险指数; 心肌梗死; 心脏事件; 病死率,,
52,WCNM0013750601,0,cnki,http://www.cnki.com.cn/Article/CJFDTotal-SWCX201819012.htm,慢性心力衰竭患者彩色多普勒超声心功能参数与血清同型半胱氨酸水平的相关性研究,宋桂仙; 阮中宝; 朱莉; 王如珠; 李建民; 林杰,南通大学第五附属医院/泰州市人民医院心血管内科,《现代生物医学进展》 2018年19期,"目的:探讨慢性心力衰竭(CHF)患者彩色多普勒超声的心功能参数与血清同型半胱氨酸水平的相关性。方法:选取2016年2月至2017年6月期间我院收治的CHF患者73例作为研究组,选取同期体检的健康志愿者70例作为对照组。检测两组血清同型半胱氨酸(Hcy)及氨基末端B型利钠肽前体(NT-proBNP)水平,采用彩色多普勒超声测定两组心脏左室射血分数(LVEF)及左室舒张末期内径(LVEDd)。分析CHF患者血清Hcy水平与NT-proBNP、LVEF、LVEDd的相关性,观察不同血清Hcy水平CHF患者心血管事件发生情况。结果:研究组血清Hcy、NT-proBNP及LVEDd显著高于对照组,LVEF显著低于对照组(P0.05)。Ⅳ级患者血清Hcy、NT-proBNP、LVEDd水平高于Ⅱ级与Ⅲ级,且Ⅲ级高于Ⅱ级(P0.05);Ⅳ级患者LVEF水平低于Ⅱ级与Ⅲ级,且Ⅲ级低于Ⅱ级(P0.05)。由Pearson相关性分析可得,CHF患者血清Hcy水平与血清NT-proBNP、LVEDd呈正相关,与LVEF呈负相关(P0.05)。血清Hcy水平高于25μmol/L的患者心血管事件发生率为31.43%,血清Hcy水平在15μmol/L-25μmol/L范围内的患者心血管事件发生率为10.53%,差异有统计学意义(P0.05)。结论:CHF患者血清Hcy、NT-proBNP、LVEDd随心功能恶化程度增加而升高,LVEF随之降低,且Hcy水平越高,患者预后越差。",,,
53,WCNM0013750601,0,cnki,http://www.cnki.com.cn/Article/CJFDTotal-ZXGA201704009.htm,巨噬细胞在动脉粥样硬化发病机制中作用的研究进展,李伟; 朱莉; 阮中宝; 任寅,扬州大学附属泰州市人民医院心内科,《中华细胞与干细胞杂志(电子版)》 2017年04期,"动脉粥样硬化(AS)目前被医学研究界公认为是一种慢性炎症反应,其发生发展过程中,巨噬细胞发挥着重要的作用。巨噬细胞可以吞噬性炎症细胞,填充AS损伤部位,积极参与胆固醇堆积,还可通过维持促炎微环境促进复杂和不稳定斑块的形成;在另一方面,抗炎巨噬细胞有助于组织修复重塑和斑块稳定。因此,对巨噬细胞作用的研究可能成为抗AS治疗的突破口,以减少单核细胞向损伤部位募集,抑制促炎性巨噬细胞活性,刺激胆固醇流出以及减少脂质储存。针对目前存在的问题,仍需更多深入的研究来创建不同巨噬细胞表型综合分类,并确定其在AS的发病机制中的作用。本文列举和简略介绍了巨噬细胞在AS过程中表现出的多样性和活化性,期待为今后有关巨噬细胞的AS研究提供参考。",,,
54,WCNM0013750601,0,cqvip,http://www.cqvip.com/QK/95988X/201712/673960783.html,瑞舒伐他汀干预对冠状动脉病变患者血清炎性因子表达影响的研究,刘玲; 陈各才; 阮中宝,泰州市人民医院,《吉林医学》2017年 第12期,"目的：探讨瑞舒伐他汀干预对冠状动脉病变患者血清炎性因子表达的影响。方法：随机选取冠心病患者86例作为试验组,全部患者均经冠状动脉造影确诊,同期体检健康人30例作为正常对照组;实验分为对照组、瑞舒伐他汀治疗前组和瑞舒伐他汀治疗后组（瑞舒伐他汀10mg/d）;治疗组根据Gensini积分分为：积分〈30分（n=31例）、30~90分（n=38例）、〉90分（n=37例）组。所有受试者均于清晨空腹采血,采用酶联免疫法和RT-PCR法检测血清中IL-6、IL-8、TNF-α的蛋白含量及mRNA水平,同时分析三种炎性因子与Gensini积分的相关性。结果：（1）治疗前与对照组相比较,试验组患者血清IL-6、IL-8、TNF-α的蛋白含量及mRNA水平均显著升高有统计学意义（P〈0.01）;且随Gensini积分的增高IL-6、IL-8、TNF-α的蛋白含量及mRNA水平依次升高,差异有统计学意义（P〈0.01）。（2）治疗后,瑞舒伐他汀治疗组患者血清IL-6、IL-8、TNF-α的蛋白含量及mRNA水平均明显降低;Gensini积分〈30分、30~90分组与对照组相比较,差异无统计学意义（P〉0.05）;Gensini积分〉90分组略高于对照组,差异有统计学意义（P〈0.01）;试验组瑞舒伐他汀治疗后与治疗前比较,患者血清中IL-6、IL-8、TNF-α的蛋白含量及mRNA水平明显降低,差异有统计学意义（P〈0.01）。结论：血清IL-6、IL-8、TNF-α的蛋白含量及mRNA水平能反映冠脉病变严重程度,瑞舒伐他汀能通过降低血清IL-6、IL-8、TNF-α的蛋白含量及mRNA水平,改善冠心病患者冠状动脉病变的程度,三种炎性因子联合检测可作为评判冠状动脉病变治疗效果的早期指标。",瑞舒伐他汀; 冠状动脉造影; 冠心病; 酶联免疫法; RT-PCR; 炎性因子,,
55,WCNM0013750601,0,cnki,https://kns.cnki.net/KCMS/detail/detail.aspx?dbcode=CJFD&filename=SYXL201905009,,,,,"背景导管消融术是临床治疗心房颤动（AF）的主要手段,但术后仍存在一定复发风险,而老年AF患者导管消融术后低静息心率（RHR）发生率及复发率均较高。目的探讨低RHR与≥65岁AF患者导管消融术后复发的关系。方法选取2015年1月—2017年10月泰州市人民医院和苏州大学附属第一医院收治的≥65岁并行左心房环肺静脉导管消融术的AF患者82例,根据术前RHR分为A组（<50次/min,n=11）、B组（50～59次/min,n=17）、C组（≥60次/min,n=54）;根据术后3个月AF复发情况分为复发组（n=25）和非复发组（n=57）。比较A组、B组、C组患者一般资料〔包括性别、年龄、AF病程、CHADS",,,
56,WCNM0013750601,0,cnki,https://kns.cnki.net/KCMS/detail/detail.aspx?dbcode=CJFD&filename=YLYS201823001,,,,,"目的探讨钙调神经磷酸酶(CaN)-活化T细胞核因子(NFATc)信号通路在5-氮杂胞苷(5-aza)诱导人脐带间充质干细胞(hUCMSCs)分化为心肌细胞过程中的作用。方法收集足月顺产健康产妇的脐带,于无菌条件下剪碎后体外分离、培养hUCMSCs,采用10μmol/L或20μmol/L5-aza对P3代hUCMSCs诱导24h后继续培养4周。采用RT-PCR和WesternBlot检测诱导前、后CalcineurinA、GATA4和NFATc2表达。结果与诱导前和对照组比较,10μmol/L和20μmol/L浓度诱导4周hUCMSCs的CalcineurinA、GATA4和NFATc2表达均明显上调(P<0.05或P<0.01)。10μmol/L浓度的5-aza诱导效果效果明显优于20μmol/L(P<0.05或P<0.01)。对照组4周后CalcineurinA、GATA4和NFATc2表达水平较诱导前无明显变化(P>0.05)。结论CaN-NFATc信号通路参与hUCMSCs心肌细胞分化的调控,10μmol/L的浓度是5-aza诱导hUCMSCs心肌细胞分化的最佳浓度。",,,
57,WCNM0013750601,0,wanfang,http://d.wanfangdata.com.cn/periodical/zgwscy201936074,,,,  ,,,,
58,WCNM0013750601,0,cqvip,http://www.cqvip.com/QK/92735B/201401/49069802.html,全国疑难急诊心电图学和心律失常诊疗新进展专题会议概要,阮中宝; 朱莉,,《中国心脏起搏与心电生理杂志》2014年 第1期,中国心脏起搏与心电生理杂志、江苏省泰州市人民医院、泰州市医学会心血管分会于2013年10月18～22日在江苏泰州举行了“全国疑难急诊心电图学和心律失常诊疗新进展专题会议”。此次会议邀请到众多全国知名专家，来自全国各地心血管和心电专业的近200名代表参加了会议。现将主要内容简介如下。,会议概要; 心电图学; 心律失常; 专题; 诊疗; 急诊; 心电生理; 心脏起搏,,
59,WCNM0013750601,0,cqvip,http://www.cqvip.com/Main/Detail.aspx?id=36136838,肥厚梗阻型心肌病经皮介入化学消融护理体会,吴祝兰; 阮中宝; 张宜生; 朱莉,江苏省泰州市人民医院心血管内科,《内蒙古中医药》2010年 第22期,经皮腔内室间隔心肌化学消融术（percutaneoustransluminalseptalmyocardiumablation，PTSMA）是近几年来通过化学消融减轻肥厚梗阻型心肌病（hyoertrophyicobstructivecardiomyopathy，HOCM）室间隔不对称性肥厚，,肥厚梗阻型心肌病; 经皮介入; 化学消融; 护理,,
60,WCNM0013750601,0,cqvip,http://www.cqvip.com/Main/Detail.aspx?id=20460372,普罗帕酮不同给药方法转复新近发生的心房颤动的临床观察,王万平; 阮中宝,江苏省姜堰市娄庄卫生院; 江苏省泰州市人民医院心内科,《中国社区医师：医学专业》2005年 第4期,心房颤动（AF）是临床上常见的心律失常，其发病率为0．4％-0．9％，并且随着年龄的增加而增加。大于40岁的人群每年房颤发病率递增0．1％-0．2％，超过60岁的人群发病率为2％-4％。尽管房颤本身并不危及患者生命。但房颤时快速的心室率可引起血流动力学变化，产生明显的心悸、头昏等症状，近年通过动物实验和临床观察到，房颤持续数小时已有心房重构，心房内已有可能血栓形成，故急性房颤应尽早和尽可能转复成窦性心律。静推普罗帕酮能有效转复心房颤动已得到临床证实，但此法比较复杂，顿服负荷量普罗帕酮转复急性非瓣膜性房颤渐为国内外学者专家所认可。本文旨在比较两种不同给药方法转复房颤的优越性。,转复心房颤动; 不同给药方法; 临床观察; 普罗帕酮; 血流动力学变化; 非瓣膜性房颤; 急性房颤; 发病率; 心律失常,,
61,WCNM0046927501,0,cqvip,http://www.cqvip.com/Main/Detail.aspx?id=30129589,人骨肉瘤细胞系MG-63细胞抗失巢凋亡生物学特性的研究,冯尔宥; 张怡元; 林焱斌; 李平; 肖莉莉,福州市第二医院骨科,《中国骨肿瘤骨病》2009年 第2期,目的研究人骨肉瘤细胞系MG-63是否具有抗失巢凋亡的生物学特性。方法用poly-HEMA制备细胞悬浮培养吼，以MCF-7细胞、血管内皮细胞（VEC）分别作为阳性和阴性对照，通过DNALadder、软琼脂集落形成实验以及AnnexinV—FITC／PI双标染色检测MG-63细胞抗失巢凋亡的特性。结果DNALadder发现悬浮培养MG-63和MCF7细胞没有出现细胞凋亡中典型的梯度；软琼脂集落形成实验观察到MG-63和MCF7细胞能在琼脂培养基中形成逐渐增大的集落；AnnexinV—FITC／PI双标染色显示悬浮培养MG-63和MCF7细胞凋亡率明显低于VEC细胞（P〈0．01）。结论MG-63细胞具备抗失巢凋亡的生物学特性。,骨肉瘤; MG-63细胞; 失巢凋产,,
62,WCNM0046927501,0,cnki,https://kns.cnki.net/KCMS/detail/detail.aspx?dbcode=CJFD&filename=XDKF201920003,,,,,"背景:目前有学者认为直接前侧入路行髋关节置换术会导致髋臼前壁的过度磨挫,但是缺少确切的临床证据来证实。目的:试验拟通过髋臼CT影像测量,观察比较直接前侧入路与后外侧入路行全髋置换髋臼前后壁偏心磨挫情况的差异。方法:纳入2015年10月至2017年12月在厦门大学附属福州第二医院由同一主刀医生行初次关节置换患者共60例,直接前侧入路组及后外侧入路组各30例(各占50%)。采用影像阅读系统收集并测量所有病例手术前后髋臼前壁、后壁横断面积,髋臼前后壁高、髋臼横径及髋臼前倾角的变化,以评价髋臼骨储量相关指标的变化。参加研究的人员均具有骨科手术5-10年的临床经验,手术医生职称为副主任医师以上。试验经厦门大学附属福州第二医院伦理委员会批准,批准时间2017-06-01。试验方案经患者和相关家属知情同意,并签署知情同意书。结果与结论:术后髋臼骨储量相关指标变化:两组术后前后壁横断面积、髋臼前后壁高度均小于术前(P<0.05),髋臼横径大于术前(P<0.01),而前倾角差异无显著性意义(P>0.05)。直接前侧入路组术后髋臼前壁面积高于后外侧入路组(P<0.05),两组髋臼后壁面积、髋臼前壁、后壁高度、髋臼横径及前倾角差异无显著性意义(P>0.05)。结果证实:与后外侧入路行全髋置换相比,直接前侧入路术后髋臼前壁面积变大,其他髋臼前后壁骨储量参数指标变化不显著,试验推测直接前侧入路行全髋关节置换并不是导致髋臼前壁偏心磨挫的危险因素,未来还需多中心、前瞻性的随机对照研究来进一步验证。",,,
63,WCNM0046927501,0,cnki,https://kns.cnki.net/KCMS/detail/detail.aspx?dbcode=CJFD&filename=GYKX201924004,,,,,"目的探讨一期膝关节翻修术治疗膝关节假体周围感染的安全性及有效性。方法选取2015年1月～2018年6月厦门大学附属福州第二医院因膝关节假体周围感染接受一期膝关节翻修术的患者28例。收集患者的人口统计学资料、感染病原,并回顾性分析患者术前及术后KSS、HSS与OKS评分及影像学资料,评估膝关节假体周围感染接受一期膝关节翻修术的安全性及临床疗效。结果28例接受一期膝关节翻修术的患者,男14例,女14例,平均年龄(65.3±10.1)岁,截止到末次随访,除1例患者死亡(死于心肌梗死)失访外,其余27例患者平均随访25.7个月(13～39个月),未发现假体松动及假体周围感染复发。患者术前KSS评分平均(34.19±13.00)分,末次随访时平均(76.37±16.46)分;术前HSS评分平均(36.03±13.39)分,末次随访时平均(71.24±16.39)分;术前OKS评分平均(16.62±3.47)分,末次随访时平均(27.43±6.02)分,差异有统计学意义(P<0.05)。结论在选择合适适应证情况下,膝关节置换术后假体周围感染的患者通过一期膝关节翻修术可以有效控制感染并重建膝关节功能。",,,
64,WCNM0046927501,0,cnki,http://www.cnki.com.cn/Article/CJFDTotal-XDKF201920003.htm,直接前侧入路全髋关节置换是否导致髋臼前壁偏心磨挫?（英文）,苏联彬; 冯尔宥; 张怡元; 卓有光; 肖莉莉; 王武炼; 林飞太,厦门大学附属福州第二医院关节外科,《中国组织工程研究》 2019年20期,"背景:目前有学者认为直接前侧入路行髋关节置换术会导致髋臼前壁的过度磨挫,但是缺少确切的临床证据来证实。目的:试验拟通过髋臼CT影像测量,观察比较直接前侧入路与后外侧入路行全髋置换髋臼前后壁偏心磨挫情况的差异。方法:纳入2015年10月至2017年12月在厦门大学附属福州第二医院由同一主刀医生行初次关节置换患者共60例,直接前侧入路组及后外侧入路组各30例(各占50%)。采用影像阅读系统收集并测量所有病例手术前后髋臼前壁、后壁横断面积,髋臼前后壁高、髋臼横径及髋臼前倾角的变化,以评价髋臼骨储量相关指标的变化。参加研究的人员均具有骨科手术5-10年的临床经验,手术医生职称为副主任医师以上。试验经厦门大学附属福州第二医院伦理委员会批准,批准时间2017-06-01。试验方案经患者和相关家属知情同意,并签署知情同意书。结果与结论:术后髋臼骨储量相关指标变化:两组术后前后壁横断面积、髋臼前后壁高度均小于术前(P0.05),髋臼横径大于术前(P0.01),而前倾角差异无显著性意义(P0.05)。直接前侧入路组术后髋臼前壁面积高于后外侧入路组(P0.05),两组髋臼后壁面积、髋臼前壁、后壁高度、髋臼横径及前倾角差异无显著性意义(P0.05)。结果证实:与后外侧入路行全髋置换相比,直接前侧入路术后髋臼前壁面积变大,其他髋臼前后壁骨储量参数指标变化不显著,试验推测直接前侧入路行全髋关节置换并不是导致髋臼前壁偏心磨挫的危险因素,未来还需多中心、前瞻性的随机对照研究来进一步验证。",,,
65,WCNM0046927501,0,cnki,https://kns.cnki.net/KCMS/detail/detail.aspx?dbcode=CJFD&filename=FJYY201806049,,,,,"目的以磷酸钙骨水泥(CPC)为基体,聚己内酯-壳聚糖(PCL-CS)网络结构为增强有机物,利用CPC的自固化及二次冻干技术制备一种复合骨组织工程支架,并对其细胞毒性进行考察。方法采用二次冻干技术制备聚己内酯-壳聚糖磷酸钙骨水泥,分别采用场发射扫描电镜带能谱仪、孔径分布分析仪、比重瓶法对其表面微观形貌、孔径大小及孔隙率进行表征。将PCL-CS/CPC和CPC分别设为实验组和对照组,进行细胞毒性试验,用MTT法测定体外细胞活力;通过细胞计数板计数法测定细胞黏附率。结果PCL-CS/CPC孔径小,孔隙率高,其对体外细胞的毒性评价合格;在共培养的第1、3、5、7d,PCL-CS/CPC复合支架较CPC支架的BMSCS增殖活力更高(P<0.05),黏附率差异无统计学意义(P>0.05)。结论PCL-CS/CPC复合骨组织工程支架成功制备,相较于传统的CPC骨架,其在细胞活力、促进细胞增殖及黏附上更具优势。",,,
66,WCNM0013750601,0,cqvip,http://www.cqvip.com/Main/Detail.aspx?id=11338445,风险指数预测ST段抬高型心肌梗死患者早期预后的价值,张万秋; 阮中宝; 吴竹兰,泰州市人民医院心内科; 江苏省泰州职业技术学院医学系,《南通医学院学报》2004年 第4期,"目的:探讨风险指数对ST段抬高型心肌梗死(STEMI)患者早期心脏事件及病死率预测价值.方法:对84例确诊为STEMI患者的风险指数进行回顾性分析,风险指数为HR×[age/10]2/SBP,式中HR为心率(次*min-1),age为年龄(岁),SBP为收缩压(mmHg).分析风险指数与心脏事件及病死率关系.结果:(1)年龄增大、心率增加、血压降低,STEMI患者的风险指数,心脏事件及病死率均增加(P<0.05);(2)STEMI患者无心脏事件发生组风险指数明显低于有心脏事件发生组(P<0.05);(3)STEMI患者存活组风险指数明显低于死亡组(P<0.05).结论:STEMI患者风险指数与早期心脏事件、病死率密切相关,可指导早期临床治疗措施,加强重点人群干预.",风险指数; 心肌梗死; 心脏事件; 病死率,,
67,WCNM0013750601,0,wanfang,http://d.wanfangdata.com.cn/periodical/ntyxyxb200404047,,,,  ,,,,
68,WCNM0046927501,0,wanfang,http://d.wanfangdata.com.cn/periodical/fjyyzz201806046,,,,  ,,,,
69,WCNM0046927501,0,cqvip,http://www.cqvip.com/QK/90155X/201803/675442248.html,健骨颗粒对钛颗粒诱导的骨溶解模型大鼠OPG／RANKL／RANK mRNA的调控作用,林丽琼; 林煜; 肖莉莉; 冯尔宥; 王武炼; 张怡元,厦门大学附属福州第二医院,《福建中医药》2018年 第3期,"目的研究健骨颗粒对钛颗粒诱导的骨溶解模型大鼠OPG／RANKL／RANK系统相关因子的影响,探讨其防治人工关节假体无菌性松动发病机制。方法40只SD大鼠随机取10只将其颅骨骨片作为供体，其余30只制备植骨气囊模型后随机分为对照组、模型组和健骨颗粒组各10只，其中模型组和健骨颗粒组建立肽颗粒诱导的骨溶解病理模型。造模后健骨颗粒组予健骨颗粒混悬液灌胃，对照组和模型组予等量生理盐水灌胃，连续灌胃2周。灌胃结束后取出完整气囊，HE染色观察植骨气囊壁形态变化，ELISA法检测IL-1β、TNF-α含量，Real-timePCR法检测OPG、RANKLmRNA表达。结果HE染色中对照组气囊壁炎症反应较轻、无明显骨溶解，模型组气囊壁厚度增加、炎细胞浸润以及骨溶解，健骨颗粒纽炎细胞浸润、骨溶解程度较模型组低。与对照组比较，模型组IL-1B、TNF-α含量及RANKLmRNA表达明显升高（P〈0．05），OPGmRNA表达及OPG／RANKL明显降低（P〈0．05）；与模型组比较，健骨颗粒组IL-1β、TNF-α含量及RANKLmRNA表达明显降低（P〈0．05），OPGmRNA表达及OPG／RANKL明显升高（P〈0.05）。结论健骨颗粒可能通过降低炎性反应、上调OPG／RANKLmRNA比值来抑制钛颗粒诱导骨溶解。这可能是其防治人工关节无菌性松动的作用机制之一。",骨溶解; 健骨颗粒; 钛颗粒; OPG; RANKL,,
70,WCNM0046927501,0,cnki,http://www.cnki.com.cn/Article/CJFDTotal-ZGZG201807015.htm,直接前侧入路行髋关节置换术早期并发症的分析,冯尔宥; 林飞太; 苏联彬; 张怡元; 肖莉莉; 王武炼; 林丽琼; 翁艳; 林文韬; 吴宇顺,厦门大学附属福州第二医院关节外科,《中国中医骨伤科杂志》 2018年07期,"目的:探讨直接前侧入路(DAA)行髋关节置换术早期并发症的原因及防治方法。方法:回顾分析2015年12月至2017年7月本院由同一主刀医生采用DAA行髋关节置换术200例(196个患者):其中男性92例,女性108例;平均年龄59.2岁(38~89岁)。统计分析其术中及术后90d之内的相关并发症。结果:200个病例中6例(3%)发生术中并发症,其中1例因发生股骨穿孔,5例(2.5%)发生股骨大转子骨折,4例(2%)为股骨大转子尖端骨折,1例为股骨干骺端骨折,改变体位选择后外侧入路行钢丝内固定术。共有42例(21%)发生术后并发症:31例(15.5%)为股外侧皮神经损伤,10例(5%)为术后切口愈合不良,1例发生假体周围感染。结论:DAA行髋关节置换术早期并发症发生率较高,特别是前50例,充分的手术训练可以降低相关并发症发生的风险。",,,
71,WCNM0046927501,0,wanfang,http://med.wanfangdata.com.cn/Paper/Detail/PeriodicalPaper_zhsywk201404048,改良钽棒治疗犬股骨头缺血性坏死的研究,张怡元; 林煜; 冯尔宥; 肖莉莉; 林飞太,,《中华实验外科杂志》 2014年31卷4期,"股骨头缺血性坏死(ONFH)是股骨头血供中断或受损,引起骨细胞及骨髓成分死亡及随后的修复,继而导致股骨头结构改变、股骨头塌陷、关节功能障碍的疾病.大多数ONFH患者在出现功能障碍时才就诊,在初诊时即发现股骨头已发生塌陷,使患者不得不接受全髋关节置换[1].而股骨内支撑器在保存患者自身股骨头同时能避免或推迟人工髋关节置换时间[2].多孔钽作为一种较理想的股骨内支撑材料,既能为软骨下骨板提供生物力学支持,又能对坏死区域提供再血管化途径.我们采用改良钽棒及植骨术植入对Beagle犬股骨头骨缺损模型进行干预,观察植入前后股骨头的影像学、大体病理改变.",,10.3760/cma.j.issn.1001-9030.2014.04.048,2014-05-08
72,WCNM0046927501,0,wanfang,http://d.wanfangdata.com.cn/periodical/zgzygsk201404001,,,,  ,,,,
73,WCNM0046927501,0,wanfang,http://med.wanfangdata.com.cn/Paper/Detail/PeriodicalPaper_gygjsszz200710038,手术治疗胫骨Pilon骨折33例临床分析,陈大强; 黄友锦; 张怡元; 冯尔宥,福州市第二医院骨科,《中国骨与关节损伤杂志》 2007年22卷10期,"篇首：胫骨Pilon骨折是指涉及关节面的胫骨远端1/3骨折[1].笔者自1998年3月～2006年7月共手术治疗该类骨折33例,取得了满意疗效,报告如下.",Pilon骨折; 手术治疗; 内固定,10.3969/j.issn.1672-9935.2007.10.038,2007-12-03
74,WCNM0046927501,0,wanfang,http://med.wanfangdata.com.cn/Paper/Detail/PeriodicalPaper_zgazzz200603004,NS398对人骨肉瘤细胞MG-63增殖与凋亡的影响,冯尔宥; 夏仁云; 世怡元; 林炎斌,,《中国癌症杂志》 2006年16卷3期,"背景与目的:在肿瘤的发生、发展和血管形成中,环氧合酶-2(cyclooxygenase-2,COX-2)起了很重要的作用,而多种COX-2抑制剂可以抑制肿瘤细胞增殖,诱导肿瘤细胞凋亡.本实验研究COX-2抑制剂NS398抑制人骨肉瘤细胞MG-63增殖及诱导凋亡的效果.方法:MTT比色观察NS398的细胞毒性作用及其浓度依赖性;Hoechst33258荧光染色、透射电子显微镜和TUNEL观察细胞凋亡的形态学变化;流式细胞仪检测细胞凋亡率及其时间依赖性.结果:分别以1、10、50、100、200μmol/LNS398作用后,细胞生长受到不同程度抑制(14.7%,23.5%,33.6%,52.5%和81.4%);荧光显微镜、电镜和TUNEL观察到细胞胞质浓缩、核凝聚、核碎裂和凋亡小体形成.流式细胞议显示NS398100μmol/l作用24h、48h、72h后,细胞凋亡率分别与对照组比较有非常显著性差异(P<0.01).结论:NS398能抑制人MG-63细胞增殖,诱导细胞凋亡.",环氧合酶-2; 培养的肿瘤细胞; 凋亡,10.3969/j.issn.1007-3639.2006.03.004,2006-04-20
75,WCNM0046927501,1,cnki,http://www.cnki.com.cn/Article/CJFDTotal-GGJS201606020.htm,改良后侧入路小切口人工全髋关节置换的初步临床应用,冯尔宥; 林飞太; 林丽琼; 肖莉莉; 张怡元,福州市第二医院关节外科,《中国骨与关节损伤杂志》 2016年06期,"目的观察改良后侧入路小切口人工全髋关节置换术的可行性和临床疗效。方法自2014-01—2014-12采用改良后侧入路小切口行全髋置换50例(53髋)。观察并记录切口长度、术中出血量、手术时间、术后12h引流量及手术并发症。结果全髋关节置换切口长度平均为7.0(6.0~9.0)cm,术中出血量平均150(100~250)ml,手术时间平均45(40~55)min,术后12h引流量平均100(50~150)ml,住院时间平均2~7d。术后随访1年,Harris评分平均93分,高于术前平均60分,术后影像学检查显示关节假体位置良好无松脱。结论改良后侧入路小切口人工全髋关节置换具有创伤小,出血少,恢复快等优点,但应在熟练和严格指征的前提下谨慎开展这一技术。",,,
76,WCNM0046927501,1,wanfang,http://d.wanfangdata.com.cn/periodical/zggs200903021,,,,  ,,,,
77,WCNM0046927501,2,cqvip,http://www.cqvip.com/QK/95448X/201403/50028906.html,阿仑膦酸钠对成骨细胞BMP-2信号通路的影响,冯尔宥; 林煜; 张怡元; 肖莉莉; 王武炼,厦门大学附属福州第二医院,《厦门大学学报：自然科学版》2014年 第3期,"二膦酸盐不仅特异性抑制破骨细胞,同时对成骨细胞也起一定的作用.用酶消化法取乳鼠颅盖骨进行成骨细胞培养,分为空白对照组、阿仑膦酸钠高、中、低剂量组.从BMP2/Smads/Runx2/Osterix信号通路角度观察二膦酸盐对成骨细胞分化的作用.结果显示：比色法结果显示干预2和4d后各剂量阿仑膦酸钠组的碱性膦酸酶（AKP）显著增加,其中中剂量组表达最高,各组明显高于空白对照组（p＜o.05）,第6天各剂量阿仑膦酸钠组AKP逐渐下降,与空白对照组比较,无统计学意义（p＞0.05）;ELISA结果显示随着天数增加各剂量阿仑膦酸钠组的BMP2逐渐增加,其中中剂量组表达最高,各组明显高于空白对照组（p＜o.05）,干预2和4d后各剂量阿仑膦酸钠组的Ⅰ型胶原（CollagenTypeI）显著增加,其中中剂量组表达最高,各组明显高于空白对照组（p＜o.05）,第6天各剂量阿仑膦酸钠组CollagenTypeⅠ逐渐下降,空白对照组随着天数逐渐增加,但均低于同时期用药组（p＜0.05）;荧光定量PCR（qPCR）检测结果显示BMP2、Smad1/5、Runx2和OsterixmRNA表达在干预后,随着时间的延长,逐渐上升;阿仑膦酸钠组的含量高于同期的空白对照组.提示阿伦膦酸钠能刺激成骨细胞增殖,增强BMP、AKP活性,通过BMP2/Smads/Runx2/Osterix通路上调相关基因表达,促进成骨细胞分化.",成骨细胞; 分化; BMP; 2; SMADS; RUNX2; OSTERIX; 信号传导,,
78,WCNM0046927501,2,cqvip,http://www.cqvip.com/QK/71135X/201107/32959845.html,右膝关节巨大痛风结石一例,刘家杰; 冯尔宥; 游斌; 林长和; 杜聿煊,福建省福州市第二医院骨科; 福建省福州市第二医院影像科,《放射学实践》2010年 第2期,病例资料患者，男，61岁，6年前出现右膝关节疼痛肿胀．疼痛间歇性发作，未予特殊处理均可自行缓解。近年来于右膝髌下见一硬结肿物逐渐增大，外院摄片考虑右膝关节占位。体检：一般情况良好，右膝关节髌骨下可见一近似半乒乓球大小肿物突起，质地较硬，活动度差，未见明显压痛，局部皮肤及皮温正常，关节活动无受限。,右膝关节; 膝关节疼痛; 结石; 痛风; 病例资料; 自行缓解; 局部皮肤; 关节活动,,
79,WCNM0046927501,2,cqvip,http://www.cqvip.com/QK/91070A/201504/664320106.html,肾主骨理论与雌激素介导的骨组织端粒酶逆转录酶增龄性变化之关系研究,林煜; 张怡元; 吴银生; 肖莉莉; 冯尔宥; 林燕萍,厦门大学福州第二医院骨科; 福建中医药大学中西医结合研究院骨病研究所,《中华中医药杂志》2015年 第4期,"目的：通过实验研究探讨＂肾主骨＂理论和＂雌激素介导的骨组织端粒酶逆转录酶增龄性变化＂的关系。方法：收集不同年龄段不同性别符合纳入标准、排除标准的人的松质骨,采用Real-timePCR、WesternBlot等方法检测各年龄段人群的骨组织中的端粒酶逆转录酶（TERT）、雌激素受体（ER）的表达和水平,同时采用ELISA检测血清中的骨钙素（BGP）、抗酒石酸酸性磷酸酶5b（TRACP5b）、雌二醇（E2）、睾酮（T）含量。结果：男性与女性组骨组织中TERT、ERα的mRNA表达均随年龄的增长而降低（P〈0.05）。各组TERT蛋白表达随着年龄增加逐渐减少（P〈0.05）。男性与女性血清中的E2、T、BGP水平均随着年龄增大逐渐降低（P〈0.05）。TRACP5b随着年龄增大逐渐升高（P〈0.05）。其中女性绝经前后E2、BGP、TRACP5b有显著性变化（P〈0.01）。结论：在自然衰老过程中,体内雌激素水平下降的同时,骨组织内TERT转录水平降低,端粒酶活性下降,使骨组织中骨形成功能衰退,骨形成低于骨吸收,从而导致骨质疏松,符合中医＂肾主骨＂理论。",雌激素; 端粒酶逆转录酶; 骨衰老; 增龄; 肾主骨,,
80,WCNM0039217001,0,cnki,http://www.cnki.com.cn/Article/CJFDTotal-GZYY201805017.htm,纽扣钢板内固定方法治疗新鲜Rockwood Ⅲ型以上肩锁关节脱位的效果评价,黄守镔; 钟浩博; 孙春汉,惠州市第一人民医院骨科,《广州医药》 2018年05期,"目的探究纽扣钢板内固定方法治疗新鲜RockwoodⅢ型以上肩锁关节脱位的效果。方法选取2013年1月—2017年12月在我院诊断并治疗的肩锁关节脱位(RockwoodⅢ型以上)60例,随机分为观察组(30例)与对照组(30例),观察组采用纽扣钢板内固定方法,对照组采用锁骨钩钢板方法。对比两组治疗前后肩功能指标(Constant-Murley)、手术的治疗疗效指标(Karlsson)的优良率,以及手术时间和术中出血量。结果治疗前两组的Constant-Murley评分无差异(P0.05),治疗后两组评分均提高(P0.05),其中观察组高于对照组(P0.05);观察组的Karlsson评分优良率、术中出血量均优于对照组(P0.05),观察组的手术时间高于对照组(P0.05)。结论纽扣钢板内固定能够有效恢复患者正常肩部功能,具有良好的治疗效果,同时对患者造成的创伤较小。",,,
81,WCNM0039217001,4,cqvip,http://www.cqvip.com/QK/96364A/201612/72657378504849544950485250.html,关节镜下治疗腘窝囊肿38例,王斌; 孙春汉; 钟浩博; 缪海雄,惠州市第一人民医院创伤外科,《海南医学》2016年 第12期,"目的探讨关节镜下治疗腘窝囊肿的方法和临床疗效。方法选取2011年1月至2014年8月我院采用关节镜后内侧入路关节囊活瓣切除术治疗有症状的腘窝囊肿患者38例,其中男性13例,女性25例,年龄46~76岁,平均(57.62±5.17)岁,术后随访7~18个月(平均11.8个月),采用Rauschning和Lindgren评分对手术疗效进行评价。结果所有患者均伴有不同程度的关节内病变,患者术后的Rauschning和Lindgren的分级较术前至少改善1级,平均2级。术后所有患者临床症状得到缓解,且无复发。所有患者均未出现血管神经损伤。结论关节镜下治疗腘窝囊肿是一种针对腘窝囊肿发病机制的有效手术方法,具有创伤小、出血少、恢复快、复发率低等优点。",腘窝囊肿; 关节镜; 膝关节; 疗效,,
82,WCNM0039217001,0,cqvip,http://www.cqvip.com/QK/98566A/201511/664885465.html,经皮单节段椎弓根螺钉治疗胸腰椎骨折疗效分析,刘伟乐; 孙春汉; 钟浩博,惠州市第一人民医院,《中国伤残医学》2015年 第11期,目的：观察并分析经皮单节段椎弓根螺钉治疗胸腰椎骨折的疗效分析。方法：将96例腰椎骨折的患者，作为研究对象，采用随机分配的方式将患者分为对照组和试验组，记录2组患者在术前术后椎体前缘高度，从而比较2组手术的治疗效果以及术后并发症的情况。结果：对于胸腰椎骨折的患者采用经皮单节段椎弓根螺钉治疗效果较好，且患者术后并发症较少，P〈0．05，差异具有统计学意义。结论：对于胸腰椎骨采用经皮单节段椎弓根螺钉治疗胸腰椎骨效果较好，术后出现的不良反应较少，整体过程安全可靠，患者以及患者家属较为满意，因此值得我们在临床上进行广泛应用。,经皮单节段椎弓根螺钉; 胸腰椎骨折,,
83,WCNM0039217001,0,wanfang,http://med.wanfangdata.com.cn/Paper/Detail?id=PeriodicalPaper_gyyxyxb201305033,经多裂肌入路治疗胸腰椎骨折80例,孙春汉; 郑剑平; 钟浩博; 杨建峰,,《贵阳医学院学报》 2013年38卷5期,"目的:分析椎弓根钉棒经多裂肌入路治疗胸腰椎骨折的临床效果.方法:80例胸腰椎骨折患者,随机分为观察组和对照组,各40例;观察组经多裂肌入路治疗,对照组经正中后入路治疗,比较两组患者手术出血量、手术时间以及术后引流量,X线观察患者骨折愈合及内固定情况,术后1周VAS疼痛评分随访1年观察两组患者手术前后椎体前缘高度恢复效果、Cobb角的变化.结果:两组患者手术均顺利完成,观察组患者术中出血量、手术时间以及引流量均显著低于对照组,差异有统计学意义(P＜0.05);两组患者术后1周VAS疼痛评分,观察组低于对照组,差异具有统计学意义(P＜0.05);两组患者术后随访1年,X线检查显示两组患者骨折愈合,无内固定断裂、松动及植骨融合现象;与手术前比较,两组术后椎体前高度增加、Cobb角缩小,但两组比较差异无统计学意义(P＞0.05).结论:经多裂肌入路治疗胸腰椎骨折具有创伤小、入路简单、术后恢复快、出血量少及治疗效果好的优点.","骨折固定术,内经多裂肌入路; 正中后入路; 胸腰椎骨折; 疼痛,手术后",10.3969/j.issn.1000-2707.2013.05.033,2013-11-26
84,WCNM0039217001,1,cnki,http://www.cnki.com.cn/Article/CJFDTotal-GYYB201305037.htm,经多裂肌入路治疗胸腰椎骨折80例,孙春汉; 郑剑平; 钟浩博; 杨建峰,惠州市第一人民医院骨科,《贵阳医学院学报》 2013年05期,"目的:分析椎弓根钉棒经多裂肌入路治疗胸腰椎骨折的临床效果。方法:80例胸腰椎骨折患者,随机分为观察组和对照组,各40例;观察组经多裂肌入路治疗,对照组经正中后入路治疗,比较两组患者手术出血量、手术时间以及术后引流量,X线观察患者骨折愈合及内固定情况,术后1周VAS疼痛评分随访1年观察两组患者手术前后椎体前缘高度恢复效果、Cobb角的变化。结果:两组患者手术均顺利完成,观察组患者术中出血量、手术时间以及引流量均显著低于对照组,差异有统计学意义(P0.05);两组患者术后1周VAS疼痛评分,观察组低于对照组,差异具有统计学意义(P0.05);两组患者术后随访1年,X线检查显示两组患者骨折愈合,无内固定断裂、松动及植骨融合现象;与手术前比较,两组术后椎体前高度增加、Cobb角缩小,但两组比较差异无统计学意义(P0.05)。结论:经多裂肌入路治疗胸腰椎骨折具有创伤小、入路简单、术后恢复快、出血量少及治疗效果好的优点。",,,
85,WCNM0013750601,14,cnki,http://www.cnki.com.cn/Article/CJFDTotal-HLSJ201016028.htm,主动脉夹层动脉瘤带膜支架植入术的护理,张宜生; 阮中宝; 任寅; 朱莉,江苏省泰州市人民医院心血管内科,《护理实践与研究》 2010年16期,,,,
86,WCNM0039217001,0,cqvip,http://www.cqvip.com/QK/70555X/201501/70908988504849534849484957.html,BRMS1通过下调NF-κB核转位抑制成纤维样滑膜细胞分泌IL-1β,钟浩博; 孙春汉; 马晋; 郑少伟; 陈楚群; 赖伟强; 杨剑锋; 孙江森,惠州市第一人民医院骨科,《分子影像学杂志》2015年 第1期,"目的探讨乳腺癌转移抑制蛋白1(BRMS1)对人类风湿性关节炎(RA)的成纤维样滑膜细胞(FLS)分泌IL-1β的影响和机制。方法分别取4例RA患者膝关节滑膜组织及1例正常人(normal)膝关节滑膜组织,采用组织贴壁法分离FLS。用慢病毒法过表达BRMS1蛋白。Westernblot检测BRMS1蛋白及核蛋白NF-κB水平,Elisa法检测细胞培养基中IL-1β水平,免疫荧光检测NF-κB核转位。结果RA组FLS的BRMS1蛋白表达较N组明显下调,但NF-κB核转位明显增加、IL-1β分泌明显增加。RA组FLS过表达BRMS1后,FLS核蛋白中NF-κB表达明显减少、IL-1β分泌下降。LPS诱导的NF-κB核转位和IL-1β表达增加被过表达BRMS1明显抑制。结论BRMS1可以抑制NF-κB核转位,从而减少成纤维样滑膜细胞分泌IL-1β。",类风湿性关节炎; 乳腺癌转移抑制蛋白1; 成纤维样滑膜细胞; NF-k; B; IL-1Β,,
87,WCNM0013750601,16,wanfang,http://med.wanfangdata.com.cn/Paper/Detail/PeriodicalPaper_zhlnyx201311005,高血压患者血浆脂联素和脑利钠肽与左心室肥厚的相关性研究,张万秋; 阮中宝,"225300,江苏泰州职业技术学院; 江苏省泰州市人民医院心血管内科",《中华老年医学杂志》 2013年32卷11期,"目的探讨高血压病患者血浆脂联素(APN)、脑钠肽(BNP)与左心室肥厚的关系及其形成的可能机理.方法泰州市人民医院心内科住院的患者120例,高血压80例,其中伴左心室肥厚者40例(左心室肥厚组),单纯高血压者40例(高血压组),另选40例年龄、性别、体质量与其匹配的健康者为对照组.入选患者均排除继发性高血压且无心、脑、肾功能障碍及糖尿病.酶联免疫吸附法(ELISA)法检测血浆APN和BNP水平.心脏超声检测患者左心室舒张末期内径(LVEDD)、舒张末期左心室后壁厚度(LVPWT)、舒张末期室间隔厚度(IVST).根据公式计算左心室质量(LVM)及左心室质量指数(LVMI).结果高血压组、左心室肥厚组APN、BNP、LVMI分别为(7.9±0.3)mg/L(116.1±16.1)μg/L、(104.0±9.6)g/m2与(6.7±0.1)mg/L、(182.4±18.5)μg/L、(153.7±21.0)g/m2,与对照组(12.0±0.2)mg/L、(69.1±8.9)μg/L、(83.1±9.1)g/m2比较,差异有统计学意义(均P＜0.01);左心室肥厚组与高血压组比较差异有统计学意义(均P＜0.01).血清APN水平与高血压左心室肥厚程度负相关(r=-o.789,P＜0.01),BNP水平与左心室肥厚程度正相关(r=0.811,P＜0.05).结论血清APN、BNP水平与高血压及高血压左心室肥厚有相关性.","高血压; 脂联素; 利钠肽,脑; 肥大,左心空; Hypertension; Adiponectin; Natriureticpeptide,brain; Hypertrophy,leftventricular",10.3760/cma.j.issn.0254-9026.2013.11.005,2013-12-16
88,WCNM0013750601,18,cqvip,http://www.cqvip.com/Main/Detail.aspx?id=37743572,慢性心力衰竭患者血浆N末端脑钠肽前体和血清胱抑素C的水平及意义,阮中宝; 朱莉; 殷屹岗; 王如珠; 任寅; 陈各才; 陈铭,江苏省泰州市人民医院心内科,《中华全科医师杂志》2011年 第5期,目的分析慢性心力衰竭（心衰）患者血浆N末端脑钠肽前体（NT-proBNP）、血清胱抑素C（CysC）水平及心功能与肾功能的相互关系，进一步探讨CysC在心衰患者早期肾脏损害的诊断价值。方法检测162例慢性心衰患者（心衰组）、150例健康体检者（对照组）的血浆NT—proBNP、CysC水平，同时查血清尿素氮、肌酐及超声心动图，用简化的肾病饮食改良方程计算肾小球滤过率（eGFR）。结果心衰组NT．proBNP、CysC、血肌酐、尿素氮水平及左室舒张末期内径均高于对照组，而左室射血分数、eGFR低于对照组（P〈0．05或〈0．01），合并肾功能异常的比例明显高于对照组（P〈0．01）。心衰组心功能NYHA分级Ⅱ、Ⅲ、Ⅳ级各组NT—proBNP、CysC水平均高于对照组，左室射血分数低于对照组；NYHA分级各组间两两比较NT—proBNP、CysC差异均有统计学意义（P〈0．05）。NT—proBNP、CysC水平与左室射血分数呈负相关（r=-0．36，P〈0．01；r=-0．39，P〈0．01）；CysC、NT-proBNP呈显著正相关（r=0．87，P〈0．01）。Logistic回归分析示，NT—proBNP、CysC水平升高是慢性心衰患者住院期间死亡的危险因素。结论慢性心衰患者更易合并肾功能异常，主要表现为肾小球滤过功能受损；心衰程度愈重，肾功能损害愈明显；NT-proBNP、CysC可作为评价慢性心衰患者病情加重的指标，CysC可用于慢性心衰患者早期肾脏损害诊断。,心力衰竭; 充血性; 利钠肽; 脑; 胱抑素C,,
89,WCNM0013750601,15,cqvip,http://www.cqvip.com/QK/80481B/201136/39736428.html,5-氮杂胞苷诱导人脐带间充质干细胞向心肌样细胞的分化,阮中宝; 杨向军; 陈各才; 朱莉; 李伟; 杨兵; 欧阳溪; 潘少辉,苏州大学附属第一医院心内科; 泰州市人民医院心内科; 江苏省北科生物科技有限公司,《中国组织工程研究与临床康复》2011年 第36期,"背景：5-氮杂胞苷能诱导人脐带间充质干细胞分化为心肌细胞。目的：以5-氮杂胞苷诱导人脐带间充质干细胞分化为心肌细胞。方法：采用贴壁培养法分离、纯化人脐带间充质干细胞,以5-氮杂胞苷诱导第3代人脐带间充质干细胞分化为心肌样细胞。结果与结论：诱导前人脐带间充质干细胞呈典型的梭形;诱导后一二周细胞体积变大,三四周后相邻细胞间胞膜有接触,逐渐相连呈肌管状,细胞胞质内可见细丝样结构。诱导4周后免疫组织化学鉴定人脐带间充质干细胞cTnI表达阳性,未诱导细胞cTnI表达阴性;诱导组Nkx2.5、GATA4mRNA表达水平较未诱导组显著增加（P〈0.05）。提示5-氮杂胞苷可能通过调控GATA4、Nkx2.5基因的表达促进人脐带间充质干细胞分化为心肌样细胞,并促进其成熟。",脐带; 间充质干细胞; 细胞分化; 心肌细胞; 5-氮杂胞苷,,
90,WCNM0013750601,0,cnki,http://www.cnki.com.cn/Article/CJFDTotal-ZLXZ201723031.htm,冠状动脉病变严重程度与血清脂蛋白磷脂酶及脂联素水平的相关性,刘玲; 陈各才; 阮中宝,泰州市人民医院,《中国老年学杂志》 2017年23期,"目的探讨血清脂蛋白磷脂酶A2及脂联素水平与冠状动脉病变严重程度的关系。方法选取冠心病患者106例,根据Gensini积分分成3个实验组:积分30分(31例)、30~90分(38例)、90分(37例);同期体检健康老年人30例为对照组。4组成员均于清晨空腹采血,1500r/min离心,10min,留血清待测。采用酶联免疫吸附法和实时荧光定量法检测血清脂蛋白磷脂酶A2及脂联素水平,进行积分与各种检验指标的相关分析。结果与对照组比较,3个实验组血清脂蛋白磷脂酶A2水平均明显升高、脂联素水平均明显降低(P0.05),且有随积分的增高血清脂蛋白磷脂酶A2水平升高、脂联素水平降低的趋势(P0.05)。冠状动脉病变严重程度与血清脂蛋白磷脂酶A2水平呈正相关(r=1.318,P0.05)、与血清脂联素水平呈负相关(r=-0.969,P0.05)。结论血浆脂蛋白磷脂酶A2和脂联素联合检测,可判断冠心病患者冠脉病变严重程度。",,,
91,WCNM0013750601,0,cnki,http://cpfd.cnki.com.cn/Article/CPFDTOTAL-ZJKX200809002106.htm,起源于希氏束旁房性心动过速的电生理特征和射频导管消融,朱莉; 阮中宝; 翟为洪,泰州市人民医院心内科,《中华医学会心电生理和起搏分会第八次全国学术年会论文集》 2008年,"正资料和方法5例患者,女性4例,男性1例,年龄28～74(45±21)岁,经体表心电图证实有为房性心动过速(房速)。常规经皮锁骨下静脉穿刺置入1根冠状静脉窦(CS)导管,经皮股静脉穿刺常规放置高位右心房(HRA)、希氏束(HIS)、右心室心尖部(RVA)。",,,
92,WCNM0046927501,12,cnki,http://www.cnki.com.cn/Article/CJFDTotal-ZJXS200513016.htm,高低不同分化特性人成骨肉瘤MG-63克隆细胞株的建立,张岩; 姜侃; 冯尔宥; 夏仁云,华中科技大学同济医学院附属同济医院骨科,《中国矫形外科杂志》 2005年13期,"目的:建立分化程度高低不同的骨肉瘤细胞株。方法:用有限稀释法将人成骨肉瘤MG-63细胞系单克隆化,并作如下鉴定:(1)细胞增殖;(2)细胞形态学;(3)软琼脂克隆形成率;(4)染色体分析;(5)细胞周期时相分析;(6)碱性磷酸酶的活性;(7)细胞运动能力;(8)裸鼠成瘤实验。结果:共得到23个克隆,命名为MG-63-1~MG-63-23。其中的5、18号细胞株具有明显差异,18号为大核长梭形细胞,无接触抑制,克隆形成率高,体内成瘤时间短,代表低分化的骨肉瘤细胞株。5号以短梭形为主,核质比例变小,有一定的接触抑制,致瘤能力较低,为高分化的骨肉瘤细胞株。结论:通过对骨肉瘤细胞系MG-63的单克隆化",,,
93,WCNM0046927501,11,wanfang,http://med.wanfangdata.com.cn/Paper/Detail/PeriodicalPaper_swgkclylcyy201201002,以三维有限元分析多孔钽块植入治疗股骨头缺血性坏死的生物力学改变,林飞太; 陈日齐; 苏君,,《生物骨科材料与临床研究》 2012年09卷1期,"目的对比研究3种治疗成人股骨头缺血性坏死方法的生物力学行为；总结最合适的钽块大小、植入位置和植入试验股骨头模型后防止塌陷的效果.方法选择健康成人有侧股骨为研究对象,经层厚2.0mm的螺旋CT扫描得各断面图象,输入计算机识别和提取股骨轮廓并行三维重建.按生理状态下股骨力载荷的三维空间分布,施加髋关节接触力1620N,外展肌合力1061N,髂胫束力1720N.对股骨头三维有限元模型进行计算,求出股骨头受力模型在3种不同处理方法下,不同直径和形状钽金属植入股骨头模型后股骨头负重区表面的塌陷值.结果髓芯减压+植骨+钽块植入组防止股骨头塌陷效果较髓芯减压+植骨组、髓芯减压+植骨+钽棒植入组有明显改善,而髓芯减压+植骨组与髓芯减压+植骨+钽棒植入组随坏死角度增大后无明显差异.结论植入钽金属块后尽可能靠近负重区关节面对股骨头予以支撑,能有效阻止和限制坏死继续进展；植骨加钽棒植入在小范围坏死时尚有一定的支撑作用,当坏死范围增大后不能增加股骨头的机械支撑力；钽金属块植入组治疗股头缺血性坏死明显优于钽金属棒植入组；钽块的最佳植入位置在股骨头负重区正下方软骨板下0～3mm.",股骨头缺血性坏死; 钽块; 生物力学; 有限元法,10.3969/j.issn.1672-5972.2012.01.002,2012-03-20
94,WCNM0046927501,0,wanfang,http://med.wanfangdata.com.cn/Paper/Detail?id=PeriodicalPaper_zggzlzz200902004,人骨肉瘤细胞系MG-63细胞抗失巢凋亡生物学特性的研究,冯尔宥; 张怡元; 林焱斌; 李平; 肖莉莉,,《中国骨肿瘤骨病》 2009年8卷2期,"目的研究人骨肉瘤细胞系MG-63是否具有抗失巢凋亡的牛物学特性.方法用poly-HEMA制备细胞悬浮培养皿,以MCF-7细胞、血管内皮细胞(VEC)分别作为阳性和阴性对照,通过DNALadder、软琼脂集落形成实验以及AnnexinV-FITC/PI双标染色检测MG-63细胞抗失巢凋亡的特性.结果DNALadder发现悬浮培养MG-63和MCF7细胞没有出现细胞凋亡中典型的梯度;软琼脂集落形成实验观察到MG-63和MCF7细胞能在琼脂培养基中形成逐渐增大的集落;AnnexinV-FITC/PI双标染色显爪悬浮培养MG-63和MCF7细胞凋亡率明显低于VEC细胞(P<0.01).结论Mc-63细胞具备抗失巢凋亡的生物学特性.",骨肉瘤; MG-63细胞; 失巢凋亡,10.3969/j.issn.1671-1971.2009.04.004,2009-05-20
95,WCNM0046927501,0,cnki,http://cpfd.cnki.com.cn/Article/CPFDTOTAL-ZGZP201306001013.htm,尺骨鹰嘴骨折微创经皮钢丝内固定的生物力学研究,王武炼; 林煜; 冯尔宥; 肖莉莉; 林丽琼; 林君宙; 李平; 张怡元,厦门大学附属福州市第二医院骨科,《第二十届全国中西医结合骨伤科学术研讨会、第二届中国医师协会中西医结合医师分会骨伤科学术年会、第十九届浙江省中西医结合骨伤科专业委员会学术年会论文汇编》 2013年,"目的通过比较尺骨鹰嘴骨折经皮钢丝张力带与其它常用的4种内固定方法的稳定性,探讨尺骨鹰嘴骨折不同内固定的生物力学效应,为尺骨鹰嘴骨折临床内固定的选择提供科学、有力的依据。方法采用15具成年男性上肢尸体标本,保留肱三头肌腱及其尺骨鹰嘴的附着部以及部分关节囊,建立横形、斜形、粉碎形三种不同的尺骨鹰嘴骨折模型。分别采用钢丝环形、钢丝""8""字、钢丝环形加""8""字、克氏针张力带及螺丝钉五种不同内固定方法进行内固定,使固定的肘关节标本屈曲0°、30°、90°位分别置于实验机,运用高精度位移传感器对固定性能进行测量,研究尺骨鹰嘴骨折的载荷与应变的关系及其应力分布规律;同时测量当骨折端分离2mm时各种内固定的载荷以及在不同屈肘角度下载荷与位移的应变关系。最后取每种内固定标本行破坏性加载,得出骨折端的载荷与位移变化关系及最佳的固定体位。结果对于尺骨鹰嘴骨折模型,在各种不同内固定方式中,粉碎形骨折均最不稳定,而横形、斜形骨折稳定性相差不显著(P0.05);数据均显示环形钢丝组固定强度最小;""8""字钢丝组与螺丝钉组固定强度相近,相差不显著(P0.05);钢丝张力带组比环形钢丝组、""8""字钢丝组及螺丝钉组强,统计学上差异显著(P0.05);在横形、斜形骨折模型中,钢丝张力带组与克氏针张力带组相差不显著(P0.05);但在粉碎形骨折模型中,钢丝张力带组与克氏针张力带组有显著性差异(P0.05);在极限载荷中,克氏针张力带组最大(82.41N),钢丝环形组最小(27.68N),钢丝张力带组与克氏针张力带组相差不显著(P0.05);屈肘0°、30°、90°位,相同位移肱三头肌所需拉力不同,30°位最大,0°位次之,90°位最小,其中30°位与90°位相比,统计学上差异显著(P0.05)。结论经皮钢丝张力带内固定可用于治疗横、斜、粉碎形尺骨鹰嘴骨折,对简单的粉碎形骨折有一定的优越性;屈肘30°位可能是术后最稳定的位置。",,,
96,WCNM0039217001,0,wanfang,http://d.wanfangdata.com.cn/periodical/sygkzz201903015,,,,  ,,,,
97,WCNM0039217001,1,cnki,http://www.cnki.com.cn/Article/CJFDTotal-HYYX201308027.htm,关节镜下自体骨软骨柱移植治疗软骨缺损的临床报告,郑剑平; 孙春汉; 马晋; 钟浩博; 赖伟强,惠州市第一人民医院骨科,《医药论坛杂志》 2013年08期,"目的重点研究和探讨关节镜下采用自体骨软骨柱移植方法治疗软骨缺损(osteochondralautologoustransplantation,OAT)修复膝关节软骨缺损的方法及临床效果。方法2009年6月—2012年6月,采用关节镜下OAT治疗20例股骨髁关节软骨缺损。将股骨髁非负重区骨软骨柱移植至负重区软骨缺损处,术后膝关节支具固定、康复治疗。结果20例均获得随访,膝软骨缺损患者功能恢复,疼痛明显减轻,术前采用Brittberg-Peterson评分为(82±3.8)分,随访终末时评分为(12±5.1)分,差异具有显著性P0.05,为有统计学意义。结论关节镜下OAT创伤小、能恢复关节面的曲度,是治疗小面积软骨缺损有效方法。",,,
98,WCNM0039217001,0,cnki,https://kns.cnki.net/KCMS/detail/detail.aspx?dbcode=CJFD&filename=QYWA201208305,,,,,"目的探讨采用经多裂肌间隙入路行经椎间孔入路椎间融合术(transforaminallumbarinterbodyfusion,TLIF)治疗下腰椎退变性疾患的临床效果。方法2010年4月至2012年4月对27例患者经多裂肌入路行经椎间孔椎间融合术椎弓根钉棒脊柱内固定系统治疗退变性腰椎疾病。结果切口长度4.0～4.5cm;手术时间70～160min;术中出血量90-2500mll。随访8～20个月,无椎弓根钉断裂、松动、拔出、cage移位等严重并发症发生;26例获骨性融合,2例可疑融合。结论经多裂肌间隙入路行椎间孔椎间融合术,具有手术创伤小、时间短、出血少、并发症低、疗效确切等优点,在合理选择适应证的情况下是一种理想的下腰椎融合方法。",,,
99,WCNM0039217001,15,cnki,http://www.cnki.com.cn/Article/CJFDTotal-SYYZ201115043.htm,后路侧块螺钉钢板治疗强直性脊柱炎合并颈椎骨折11例,王新光; 孙春汉; 郭汉明; 蔡宏华; 陈民; 钟浩博,广东省惠州市中心人民医院骨科; 广东省惠州市第一人民医院骨科,《实用医学杂志》 2011年15期,"目的:评价后路侧块螺钉钢板治疗强直性脊柱炎合并颈椎骨折的临床疗效。方法:回顾性分析2004年5月至2010年5月间11例采用后路侧块螺钉钢板治疗强直性脊柱炎合并颈椎骨折患者的临床资料,记录术前、术后神经功能分级以及骨折部位、内固定情况和并发症发生情况。结果:经过平均37.5个月随访,11例中5例神经功能有不同程度恢复,未发生内固定失败情况,1例死于围手术期并发症,无其他手术并发症。结论:后路侧块螺钉钢板治疗强直性脊柱炎合并颈椎骨折临床效果良好。",,,
100,WCNM0013750601,2,wanfang,http://med.wanfangdata.com.cn/Paper/Detail/PeriodicalPaper_tdyx201102007,间隔部旁道射频消融发生房室传导阻滞的临床分析,任寅; 朱莉; 阮中宝; 殷屹岗; 陈各才; 陈铭; 张宜生; 徐红; 金梅,,《现代医学》 2011年39卷2期,"目的:探讨间隔部房室旁道射频消融术发生房室传导阻滞的原因.方法:回顾分析67例间隔部旁路参与的房室折返性心动过速患者射频消融的临床资料.结果:消融成功率为98.5%(66/67),3例发生Ⅱ度至Ⅲ度房室传导阻滞,发生率为4.55%(3/66).结论:虽然房室旁路的消融手术成功率高、操作安全,但间隔部旁路消融仍具有挑战性.熟练的心电生理和解剖知识、精确标测、低功率放电、增加消融电极稳定性,有助于减少房室传导阻滞的发生.",射频导管消融; 间隔部旁路; 房室传导阻滞,10.3969/j.issn.1671-7256.2011.02.007,2011-07-04
